DELETE FROM refresh_token WHERE 1;
DELETE FROM comment WHERE 1;
DELETE FROM subscription WHERE 1;
DELETE FROM post WHERE 1;
DELETE FROM topic WHERE 1;
DELETE FROM user WHERE 1;

INSERT INTO `user` (`id`, `created_at`, `email`, `password`, `updated_at`, `user_name`) VALUES (1, NULL, 'test@example.com', '$2a$12$zrDBeOppaF8K8J047ISOAeRcJvPa6Pc11nOKu7KnWiTGLi7wWuL8u', NULL, 'testuser');
INSERT INTO `user` (`id`, `created_at`, `email`, `password`, `updated_at`, `user_name`) VALUES (2, NULL, 'gerald40@example.net', '9347822bc74d507d3bdb2e86ce17bf74a2321500', NULL, 'kulas.dakota');
INSERT INTO `user` (`id`, `created_at`, `email`, `password`, `updated_at`, `user_name`) VALUES (3, NULL, 'gutmann.saige@example.net', 'b359fc98f2f0b146d0bfc0c7b55b2de76a900467', NULL, 'homenick.mattie');
INSERT INTO `user` (`id`, `created_at`, `email`, `password`, `updated_at`, `user_name`) VALUES (4, NULL, 'dbartoletti@example.org', '961853c50b28eb180535ac3cefbc92a5e854a6fb', NULL, 'kirk.wilkinson');
INSERT INTO `user` (`id`, `created_at`, `email`, `password`, `updated_at`, `user_name`) VALUES (5, NULL, 'aditya.kuhic@example.org', 'aade62b72a8aa082f01ad44078710d6aa8b034f1', NULL, 'efisher');
INSERT INTO `user` (`id`, `created_at`, `email`, `password`, `updated_at`, `user_name`) VALUES (6, NULL, 'conroy.evelyn@example.com', '9f7000071c54313e1ba294dd19db0d8a84debfd1', NULL, 'hugh83');
INSERT INTO `user` (`id`, `created_at`, `email`, `password`, `updated_at`, `user_name`) VALUES (7, NULL, 'angelita99@example.org', '7259d41af729638a02790b3b56bea7af26dec0a9', NULL, 'adeline16');
INSERT INTO `user` (`id`, `created_at`, `email`, `password`, `updated_at`, `user_name`) VALUES (8, NULL, 'hwisoky@example.net', '8576b1889a5982be19fae475ca7fc1a91bcf8ae2', NULL, 'ppouros');
INSERT INTO `user` (`id`, `created_at`, `email`, `password`, `updated_at`, `user_name`) VALUES (9, NULL, 'sam81@example.net', '1c0f5b718f46fb05f1e75af5dff48a090b594409', NULL, 'justus63');
INSERT INTO `user` (`id`, `created_at`, `email`, `password`, `updated_at`, `user_name`) VALUES (10, NULL, 'bernser@example.net', 'f1a878801406322977b45fcbe0e26ab2a03f08e8', NULL, 'malcolm.deckow');
INSERT INTO `user` (`id`, `created_at`, `email`, `password`, `updated_at`, `user_name`) VALUES (11, NULL, 'liliana.boyer@example.org', '1fae719189118c8ff5e7ced4419bf7d5a3ca9d53', NULL, 'loyce.howell');
INSERT INTO `user` (`id`, `created_at`, `email`, `password`, `updated_at`, `user_name`) VALUES (12, NULL, 'rippin.freda@example.net', '70444cde9dc341e09347a6158d984dbe7d4062fa', NULL, 'qheathcote');
INSERT INTO `user` (`id`, `created_at`, `email`, `password`, `updated_at`, `user_name`) VALUES (13, NULL, 'gleason.madonna@example.net', 'fe3b80df699e1a2319a99edd29d4b12cd0e8e2e1', NULL, 'hills.travon');
INSERT INTO `user` (`id`, `created_at`, `email`, `password`, `updated_at`, `user_name`) VALUES (14, NULL, 'xschumm@example.net', '6c7ed416da2066fd004f58265e13a941ce11b01b', NULL, 'jordy.haag');
INSERT INTO `user` (`id`, `created_at`, `email`, `password`, `updated_at`, `user_name`) VALUES (15, NULL, 'mitchel.walker@example.net', '6768f6e1a1534e2b1b4a0ebe7e52ac3ef9c8378c', NULL, 'robel.demetrius');
INSERT INTO `user` (`id`, `created_at`, `email`, `password`, `updated_at`, `user_name`) VALUES (16, NULL, 'roma24@example.com', '675a964f398b324526717ce2da584945b91e8232', NULL, 'stevie.schulist');
INSERT INTO `user` (`id`, `created_at`, `email`, `password`, `updated_at`, `user_name`) VALUES (17, NULL, 'mjakubowski@example.net', '668facc8a389a2319cff03f66659056453af3022', NULL, 'lkohler');
INSERT INTO `user` (`id`, `created_at`, `email`, `password`, `updated_at`, `user_name`) VALUES (18, NULL, 'adella03@example.net', 'bf87a40ac19317c2de470a43a1a8013a6efd70f4', NULL, 'bradtke.larue');
INSERT INTO `user` (`id`, `created_at`, `email`, `password`, `updated_at`, `user_name`) VALUES (19, NULL, 'austen55@example.com', 'd8ed0cc100ec9fd35b071ef38a03ae4b1d9816c7', NULL, 'dietrich.alberta');
INSERT INTO `user` (`id`, `created_at`, `email`, `password`, `updated_at`, `user_name`) VALUES (20, NULL, 'bernardo.shanahan@example.org', '99701c8301e4557d8edd6cbb69232a84612c87a7', NULL, 'coty.hermann');


INSERT INTO `topic` (`id`, `created_at`, `description`, `title`, `updated_at`, `creator_id`) VALUES (1, '2024-04-07 06:32:26.000000', 'Possimus illo possimus voluptas quisquam consequuntur doloremque consequatur. Exercitationem non cupiditate iusto nostrum aliquid vel. Sed quas voluptatem porro qui dolorem quas. Hic quo quis autem et.', 'Aut et rem ducimus nemo.', '2024-11-05 04:13:58.000000', 1);
INSERT INTO `topic` (`id`, `created_at`, `description`, `title`, `updated_at`, `creator_id`) VALUES (2, '2023-12-07 07:33:14.000000', 'Dolores iste consequuntur eum accusamus dolor quidem. Et commodi autem ad deleniti nihil ipsam. Eius repellat rerum quaerat iste saepe. Est id saepe id adipisci.', 'Est qui a officiis cum earum.', '2023-11-28 07:35:10.000000', 2);
INSERT INTO `topic` (`id`, `created_at`, `description`, `title`, `updated_at`, `creator_id`) VALUES (3, '2024-08-14 19:28:03.000000', 'Nostrum aut harum aut quod nesciunt. Earum adipisci aut nobis commodi nostrum in qui. Ipsa natus maiores voluptas suscipit inventore. Veritatis voluptas ipsa commodi omnis ipsam autem.', 'Perferendis non quia numquam consequuntur ea.', '2023-11-25 12:06:19.000000', 3);
INSERT INTO `topic` (`id`, `created_at`, `description`, `title`, `updated_at`, `creator_id`) VALUES (4, '2024-05-20 19:15:25.000000', 'Quidem eum occaecati consequatur natus eos omnis ex. Ipsum autem voluptatem deserunt libero quo esse vel suscipit. Suscipit vel ipsa tempore voluptas et nihil. Eum et quas eos incidunt quis. Et harum velit ipsam omnis in consequatur autem.', 'Ipsa harum voluptas ut aliquam nisi animi.', '2024-07-15 14:27:50.000000', 4);
INSERT INTO `topic` (`id`, `created_at`, `description`, `title`, `updated_at`, `creator_id`) VALUES (5, '2024-02-13 15:51:46.000000', 'Tenetur dolores perferendis qui. Magnam rerum consectetur sit ut maiores sint id quo.', 'Est exercitationem culpa qui et.', '2024-11-17 20:43:00.000000', 5);
INSERT INTO `topic` (`id`, `created_at`, `description`, `title`, `updated_at`, `creator_id`) VALUES (6, '2024-10-26 00:25:41.000000', 'Dolores libero voluptatibus est cum quibusdam consequatur et corporis. Iure nihil nulla et optio. Culpa rerum omnis et.', 'Recusandae est quidem amet autem illo necessitatibus.', '2024-01-27 08:46:00.000000', 6);
INSERT INTO `topic` (`id`, `created_at`, `description`, `title`, `updated_at`, `creator_id`) VALUES (7, '2024-03-25 03:25:56.000000', 'Saepe aut ratione fugiat facilis ducimus corrupti. Totam id ex ipsam quis ut voluptates consequatur. Doloribus ratione quia quisquam voluptas.', 'Beatae aut quia veniam qui minima eos est.', '2024-10-17 19:52:49.000000', 7);
INSERT INTO `topic` (`id`, `created_at`, `description`, `title`, `updated_at`, `creator_id`) VALUES (8, '2024-01-28 08:31:02.000000', 'Numquam necessitatibus exercitationem reiciendis aut ut vero. Sunt sed et enim quis. Voluptatem inventore itaque aut labore.', 'Qui sequi voluptas quaerat sunt neque alias.', '2024-01-29 12:11:34.000000', 8);
INSERT INTO `topic` (`id`, `created_at`, `description`, `title`, `updated_at`, `creator_id`) VALUES (9, '2024-03-18 05:35:06.000000', 'Esse ut et exercitationem voluptatum. Dolor aut dolor dolorem perspiciatis.', 'Non aut non ut corporis.', '2024-04-22 05:01:16.000000', 9);
INSERT INTO `topic` (`id`, `created_at`, `description`, `title`, `updated_at`, `creator_id`) VALUES (10, '2024-04-06 14:18:45.000000', 'Quia repellendus dicta quia. Hic tempore ut est. Illum et ut illum nemo quas.', 'Quo adipisci ducimus quasi.', '2024-01-25 11:00:35.000000', 10);
INSERT INTO `topic` (`id`, `created_at`, `description`, `title`, `updated_at`, `creator_id`) VALUES (11, '2024-04-25 16:09:59.000000', 'Tenetur error ullam at consequatur autem omnis velit quia. Atque id sint earum rerum rerum nisi. Cupiditate ut velit quia nam ut. Error sed dolores molestias deserunt ut illum quo.', 'Veniam voluptas autem illo.', '2024-11-13 06:39:48.000000', 11);
INSERT INTO `topic` (`id`, `created_at`, `description`, `title`, `updated_at`, `creator_id`) VALUES (12, '2023-12-23 00:37:29.000000', 'Eum non voluptatibus et quaerat. Nam nisi doloribus labore sapiente doloremque. Harum nihil laborum veritatis est odit vero inventore. Deleniti perferendis ut dolor nihil est. Voluptas occaecati similique similique distinctio dolorem amet.', 'Tenetur maxime accusantium qui voluptatibus et hic ab.', '2024-06-17 13:46:51.000000', 12);
INSERT INTO `topic` (`id`, `created_at`, `description`, `title`, `updated_at`, `creator_id`) VALUES (13, '2024-06-07 19:46:57.000000', 'Aut harum maiores ducimus distinctio iure necessitatibus. Earum quasi itaque sunt. Quaerat delectus eaque vero.', 'Est dolorem delectus eaque similique.', '2024-01-30 21:09:55.000000', 13);
INSERT INTO `topic` (`id`, `created_at`, `description`, `title`, `updated_at`, `creator_id`) VALUES (14, '2024-06-16 09:46:08.000000', 'Et excepturi nostrum libero cupiditate pariatur voluptate. Sed ducimus sunt quia quae qui voluptatem.', 'Est enim aspernatur doloremque.', '2024-01-31 21:16:24.000000', 14);
INSERT INTO `topic` (`id`, `created_at`, `description`, `title`, `updated_at`, `creator_id`) VALUES (15, '2024-09-23 09:45:35.000000', 'Est est repellendus temporibus id quis eveniet asperiores et. Architecto in ut dolorem autem. Aut explicabo hic nihil iusto minus cumque velit.', 'Molestiae nisi vel magni nesciunt neque deserunt consequuntur.', '2024-08-08 07:48:57.000000', 15);
INSERT INTO `topic` (`id`, `created_at`, `description`, `title`, `updated_at`, `creator_id`) VALUES (16, '2024-05-16 13:22:33.000000', 'Veritatis ad error beatae voluptas. Adipisci nam quasi similique quasi fuga qui sed.', 'Libero distinctio alias alias quia.', '2024-09-04 23:50:14.000000', 16);
INSERT INTO `topic` (`id`, `created_at`, `description`, `title`, `updated_at`, `creator_id`) VALUES (17, '2024-10-08 15:39:47.000000', 'Laudantium unde illum placeat aut. Vero et incidunt doloremque officiis et in beatae illum. Facere porro veniam fuga nostrum est sit quia nisi.', 'Ut cupiditate eum in sint rerum.', '2024-06-16 10:31:12.000000', 17);
INSERT INTO `topic` (`id`, `created_at`, `description`, `title`, `updated_at`, `creator_id`) VALUES (18, '2024-08-01 23:43:01.000000', 'Eligendi ipsa tenetur nam similique perspiciatis corrupti. Accusamus magni cumque dolore iure delectus ea. Unde nesciunt ea eos nihil a nemo.', 'Repellendus ut voluptatem dolorem.', '2024-09-28 16:18:43.000000', 18);
INSERT INTO `topic` (`id`, `created_at`, `description`, `title`, `updated_at`, `creator_id`) VALUES (19, '2023-12-27 17:25:06.000000', 'Consequatur voluptates cumque sapiente ut. Cumque atque placeat aut assumenda quo unde. Consequatur est natus nihil explicabo sequi eos. Dolor pariatur aut non nulla ut placeat eaque.', 'Hic voluptatum est magnam nulla magnam commodi fugit impedit.', '2024-01-26 03:17:00.000000', 19);
INSERT INTO `topic` (`id`, `created_at`, `description`, `title`, `updated_at`, `creator_id`) VALUES (20, '2024-02-24 03:06:49.000000', 'Ut sunt similique unde accusantium. Rerum dolores vel nemo ipsam tempore facere. Iure repellat quis sit et consequuntur consequatur quos dolores.', 'Dolor est omnis voluptas in modi.', '2024-06-08 18:57:43.000000', 20);
INSERT INTO `topic` (`id`, `created_at`, `description`, `title`, `updated_at`, `creator_id`) VALUES (21, '2024-01-14 01:30:27.000000', 'Maiores ad voluptas ut distinctio est. Id ex dolore ex. Et rerum corporis eos tempore et commodi molestiae.', 'Nam eius officiis rerum ut consectetur sapiente quia.', '2023-12-12 06:22:41.000000', 1);
INSERT INTO `topic` (`id`, `created_at`, `description`, `title`, `updated_at`, `creator_id`) VALUES (22, '2024-10-03 13:19:43.000000', 'Aut inventore deleniti est. Vitae consequatur debitis vitae ut adipisci. Asperiores voluptatem in et dolor ullam cupiditate sit. Id quos autem nihil eligendi.', 'Provident praesentium aut quod sint.', '2024-05-05 15:36:36.000000', 2);
INSERT INTO `topic` (`id`, `created_at`, `description`, `title`, `updated_at`, `creator_id`) VALUES (23, '2024-07-21 02:30:32.000000', 'Quis eum fugiat consectetur sit dolorem sit dolore. Eos adipisci cumque nisi et. Ut eos ipsam omnis quibusdam. Earum reprehenderit explicabo eius placeat dolores beatae.', 'Iure nobis qui magni itaque veritatis magnam.', '2024-09-07 13:28:46.000000', 3);
INSERT INTO `topic` (`id`, `created_at`, `description`, `title`, `updated_at`, `creator_id`) VALUES (24, '2024-07-05 08:37:16.000000', 'Inventore a non rerum. Maiores natus nostrum deserunt natus autem perferendis velit.', 'Dolores hic libero error sit tenetur eaque voluptatem porro.', '2024-01-16 14:40:25.000000', 4);
INSERT INTO `topic` (`id`, `created_at`, `description`, `title`, `updated_at`, `creator_id`) VALUES (25, '2023-12-25 15:28:21.000000', 'Sunt et deserunt ut eius maxime animi voluptatum. Ratione libero quia totam quis dolore ex. Doloremque aut nihil aliquid id autem voluptatibus necessitatibus. Ullam et perferendis suscipit sed perspiciatis iure vel.', 'Dolorum quisquam qui et.', '2024-05-11 12:54:56.000000', 5);
INSERT INTO `topic` (`id`, `created_at`, `description`, `title`, `updated_at`, `creator_id`) VALUES (26, '2023-12-02 23:20:27.000000', 'Accusantium animi magni vitae ea fugiat eius vel. Rerum tempore est accusamus distinctio. Et et sed est ipsam.', 'Doloremque cum et est accusamus cumque quam et ut.', '2023-12-15 23:35:26.000000', 6);
INSERT INTO `topic` (`id`, `created_at`, `description`, `title`, `updated_at`, `creator_id`) VALUES (27, '2023-12-26 16:55:53.000000', 'Quia ea minus aut ex error ut magni. Molestiae debitis omnis expedita. Et dolorem non et. Mollitia aliquid maxime quasi veniam. Et delectus voluptatem quisquam voluptas quia.', 'Optio ullam nemo et tempora ut ipsum.', '2023-12-25 01:45:05.000000', 7);
INSERT INTO `topic` (`id`, `created_at`, `description`, `title`, `updated_at`, `creator_id`) VALUES (28, '2024-07-12 11:41:09.000000', 'Similique dolor et explicabo quo voluptatem. Ut molestiae rem rerum dolorem veniam. Illo delectus molestiae inventore occaecati odio. In sed quis qui cumque ut qui fugit qui.', 'Quae ut dolore doloribus dolorem.', '2024-10-03 14:25:22.000000', 8);
INSERT INTO `topic` (`id`, `created_at`, `description`, `title`, `updated_at`, `creator_id`) VALUES (29, '2024-07-04 00:05:07.000000', 'Maxime dicta repellat aliquid in illo. Alias quidem cumque dicta magnam commodi fugit quis. Odio ea nesciunt voluptates praesentium aperiam ut. Consectetur ullam eius at autem quibusdam. Eos officia animi occaecati in rerum in dolores.', 'Vel nisi aperiam necessitatibus vel voluptatem.', '2024-02-12 15:00:49.000000', 9);
INSERT INTO `topic` (`id`, `created_at`, `description`, `title`, `updated_at`, `creator_id`) VALUES (30, '2024-06-16 10:08:28.000000', 'Perferendis aut eum est saepe. Vel minima est aut harum suscipit. Facere assumenda quia dignissimos soluta.', 'Velit recusandae officiis dicta soluta quisquam.', '2024-07-19 23:02:31.000000', 10);
INSERT INTO `topic` (`id`, `created_at`, `description`, `title`, `updated_at`, `creator_id`) VALUES (31, '2024-04-14 03:03:38.000000', 'Voluptas corrupti et quibusdam minima sunt eius id. Ullam beatae dolor veniam aut iusto ratione nulla. Minus assumenda voluptatem aliquid. Et sapiente voluptas ut rerum eveniet fuga qui quia.', 'Consequuntur ut laborum ut ab quaerat aperiam et.', '2024-02-13 03:12:07.000000', 11);
INSERT INTO `topic` (`id`, `created_at`, `description`, `title`, `updated_at`, `creator_id`) VALUES (32, '2024-02-07 00:27:20.000000', 'Cupiditate quisquam eaque aperiam vel sint rerum et. Quia esse voluptate eum officia pariatur. Et consequuntur sunt voluptas eum dolor fugit.', 'Deserunt iusto est voluptate omnis est.', '2024-08-23 16:31:22.000000', 12);
INSERT INTO `topic` (`id`, `created_at`, `description`, `title`, `updated_at`, `creator_id`) VALUES (33, '2024-08-17 06:10:58.000000', 'Minima cupiditate repudiandae architecto odio laborum. Vel eos impedit quasi inventore officia. Velit ut porro quidem quaerat ex aperiam.', 'Perspiciatis nostrum facere provident ea impedit.', '2023-12-26 22:55:02.000000', 13);
INSERT INTO `topic` (`id`, `created_at`, `description`, `title`, `updated_at`, `creator_id`) VALUES (34, '2024-02-09 18:34:23.000000', 'Sit enim aut ut eius. Aut necessitatibus ut ut eum quia vel ad. Et dolor dolor beatae totam. Omnis fugiat quae dignissimos qui aut.', 'Error totam et eveniet eligendi occaecati nesciunt nesciunt.', '2024-10-01 21:26:53.000000', 14);
INSERT INTO `topic` (`id`, `created_at`, `description`, `title`, `updated_at`, `creator_id`) VALUES (35, '2023-12-10 16:27:53.000000', 'Rerum sit temporibus molestiae omnis consequatur ullam. Quod asperiores voluptatum ipsam earum. Voluptas aut inventore rerum omnis et cupiditate. Maiores facere quam et omnis mollitia.', 'Ipsum consequuntur perferendis omnis voluptatem.', '2024-07-21 01:08:47.000000', 15);
INSERT INTO `topic` (`id`, `created_at`, `description`, `title`, `updated_at`, `creator_id`) VALUES (36, '2024-09-20 22:28:50.000000', 'Iusto sunt aliquam nisi non. Modi ut nobis perferendis ullam non iste expedita eum. Quia distinctio veniam itaque delectus molestiae ut.', 'Cumque debitis est cupiditate.', '2024-05-31 20:33:37.000000', 16);
INSERT INTO `topic` (`id`, `created_at`, `description`, `title`, `updated_at`, `creator_id`) VALUES (37, '2024-09-19 03:40:46.000000', 'Molestiae eos velit provident asperiores iusto ut. Recusandae ab cupiditate pariatur id est atque ut. In totam rem earum molestias et asperiores. Labore excepturi non nihil quis minima ex.', 'Expedita autem consequatur quo.', '2023-11-25 21:48:42.000000', 17);
INSERT INTO `topic` (`id`, `created_at`, `description`, `title`, `updated_at`, `creator_id`) VALUES (38, '2024-10-14 03:28:18.000000', 'Nam occaecati aliquid fuga neque ut ut dolorem. Asperiores et sapiente nobis facilis reiciendis dolorum a ut. Ipsum perspiciatis eius suscipit voluptas. Neque est voluptas in pariatur. Voluptatem nihil dolorum deserunt et.', 'Fugiat autem animi animi maiores iusto.', '2024-01-01 15:28:22.000000', 18);
INSERT INTO `topic` (`id`, `created_at`, `description`, `title`, `updated_at`, `creator_id`) VALUES (39, '2024-11-02 16:09:11.000000', 'Maxime voluptate unde dolores dolores fugiat. A tempore quos non quia vitae eligendi et. Alias earum et ut recusandae occaecati est voluptatum culpa.', 'Repellat nesciunt quaerat perspiciatis consequatur.', '2024-09-22 07:01:08.000000', 19);
INSERT INTO `topic` (`id`, `created_at`, `description`, `title`, `updated_at`, `creator_id`) VALUES (40, '2024-01-07 04:36:03.000000', 'Vitae rem sint vel labore voluptatibus. Eum numquam eum est non commodi. Inventore eos quasi vel rerum eaque modi. Et ut laudantium nemo aut. Et quisquam totam qui nemo.', 'Qui at voluptatem natus quisquam veritatis dolores.', '2024-05-22 18:59:26.000000', 20);
INSERT INTO `topic` (`id`, `created_at`, `description`, `title`, `updated_at`, `creator_id`) VALUES (41, '2024-03-20 03:58:36.000000', 'Ut quam omnis temporibus temporibus. Quae enim aut molestiae autem enim. Nam libero ab eveniet aut unde.', 'Quo voluptatem enim tempore doloremque reprehenderit non optio maxime.', '2024-06-01 17:03:30.000000', 1);
INSERT INTO `topic` (`id`, `created_at`, `description`, `title`, `updated_at`, `creator_id`) VALUES (42, '2024-06-17 14:17:52.000000', 'Dignissimos culpa est qui quibusdam ut harum omnis. Reprehenderit aut consequatur maiores vero ipsam commodi non minima. Soluta qui et ipsa provident esse tempore. Saepe et id esse est blanditiis laudantium.', 'Blanditiis delectus veniam enim dolor et unde.', '2024-06-29 06:02:26.000000', 2);
INSERT INTO `topic` (`id`, `created_at`, `description`, `title`, `updated_at`, `creator_id`) VALUES (43, '2024-01-11 09:06:08.000000', 'Consequatur dolorem officia similique vel minima qui repellendus in. Sunt delectus eveniet id magnam. Molestiae autem velit commodi odio.', 'Magnam quia error sint similique nostrum.', '2024-02-01 12:57:03.000000', 3);
INSERT INTO `topic` (`id`, `created_at`, `description`, `title`, `updated_at`, `creator_id`) VALUES (44, '2024-03-28 12:04:36.000000', 'Beatae delectus quia voluptatem debitis omnis voluptas. Perspiciatis qui dolorem expedita nobis exercitationem quis. Est molestiae quos minima atque et dignissimos eveniet. Ab earum quia ut repellat modi sed et. Facere illum omnis laboriosam reprehenderit', 'Repellat odit quam velit vel.', '2024-05-05 14:45:47.000000', 4);
INSERT INTO `topic` (`id`, `created_at`, `description`, `title`, `updated_at`, `creator_id`) VALUES (45, '2024-10-02 10:58:33.000000', 'Laboriosam saepe ea id est consequatur voluptas quibusdam. Libero sit fugiat aut placeat aut placeat. Est vel velit labore repudiandae. Tempore libero consequuntur ut.', 'Excepturi eum consequatur mollitia voluptates aut.', '2024-03-14 19:21:11.000000', 5);
INSERT INTO `topic` (`id`, `created_at`, `description`, `title`, `updated_at`, `creator_id`) VALUES (46, '2024-07-19 09:00:28.000000', 'Blanditiis quae temporibus distinctio et consequatur laudantium velit. Quis atque cupiditate dignissimos dolore dolorum distinctio. Ut excepturi eum qui accusamus autem deserunt consequatur. Maiores nesciunt aut iste voluptatem asperiores.', 'Doloribus incidunt voluptatum eius excepturi.', '2024-06-07 05:09:31.000000', 6);
INSERT INTO `topic` (`id`, `created_at`, `description`, `title`, `updated_at`, `creator_id`) VALUES (47, '2024-11-02 06:22:54.000000', 'Ut aliquam voluptas error quos et. Vitae id tempora quasi ut nihil ipsa. Est est aliquam aut qui voluptatem animi odio. Sit culpa ut et distinctio ad.', 'Quia minus odio voluptatem enim sit.', '2024-05-26 07:44:26.000000', 7);
INSERT INTO `topic` (`id`, `created_at`, `description`, `title`, `updated_at`, `creator_id`) VALUES (48, '2024-04-14 15:28:33.000000', 'Expedita qui culpa id soluta fugit. Iste earum assumenda nostrum libero esse quibusdam. Debitis sit aut unde. Quo rerum reiciendis tempora totam earum et neque.', 'Hic dolorem reiciendis eligendi nisi.', '2024-06-16 14:47:38.000000', 8);
INSERT INTO `topic` (`id`, `created_at`, `description`, `title`, `updated_at`, `creator_id`) VALUES (49, '2024-08-31 23:27:51.000000', 'Aut tempora aut enim et sed. Hic autem inventore quam et harum et asperiores. Voluptas pariatur rerum consequuntur ut magnam. Eaque rerum excepturi officia maiores quae mollitia cupiditate earum.', 'Porro architecto deleniti rerum placeat est nihil molestias.', '2024-10-17 21:56:09.000000', 9);
INSERT INTO `topic` (`id`, `created_at`, `description`, `title`, `updated_at`, `creator_id`) VALUES (50, '2024-08-17 08:08:20.000000', 'Earum omnis quis facilis debitis. Et ut odit id quam minus. Maxime optio dolores autem ut. Praesentium consequuntur animi est beatae animi.', 'Corrupti corrupti iure qui alias dolorem.', '2024-02-18 07:55:52.000000', 10);



INSERT INTO `post` (`id`, `content`, `created_at`, `title`, `updated_at`, `author_id`, `topic_id`) VALUES (1, 'Illo ex aliquid repudiandae omnis dolorem adipisci. Omnis dolorem sint sed aspernatur laboriosam.', '2024-04-09 06:17:26.000000', 'A quo consectetur repellat molestiae quia voluptas autem.', '2024-10-27 23:50:15.000000', 8, 12);
INSERT INTO `post` (`id`, `content`, `created_at`, `title`, `updated_at`, `author_id`, `topic_id`) VALUES (2, 'Aut velit consequuntur enim odit vel deleniti. Non similique voluptatibus veniam consequatur fuga consequatur. Velit molestiae totam in dolores omnis quaerat.', '2024-05-25 10:06:01.000000', 'Deserunt facilis fugit laborum iste omnis.', '2024-10-23 16:03:29.000000', 14, 50);
INSERT INTO `post` (`id`, `content`, `created_at`, `title`, `updated_at`, `author_id`, `topic_id`) VALUES (3, 'Saepe quasi aut vel omnis rerum. Fugit eum qui minus qui aut impedit.\nSed nihil rerum labore quis. Ipsa doloremque quia eius accusantium perferendis eos consequatur.', '2024-07-28 07:57:02.000000', 'Asperiores earum et aperiam est pariatur est.', '2024-11-03 04:04:02.000000', 1, 33);
INSERT INTO `post` (`id`, `content`, `created_at`, `title`, `updated_at`, `author_id`, `topic_id`) VALUES (4, 'Vitae quam sunt similique eum. Qui quisquam blanditiis sed repellat consequatur vitae in. Omnis velit quisquam enim sunt accusantium. Architecto quo suscipit sed ut non consequatur corrupti.', '2024-10-21 22:25:08.000000', 'Ut harum tempore hic repellendus vero iste dolores.', '2024-11-04 03:43:21.000000', 18, 33);
INSERT INTO `post` (`id`, `content`, `created_at`, `title`, `updated_at`, `author_id`, `topic_id`) VALUES (5, 'Asperiores nisi itaque sequi error minima odit facilis. Commodi consequatur quis dolore. Voluptas qui explicabo quia quod.', '2024-09-30 00:42:09.000000', 'Nesciunt consequuntur ullam dolor quis distinctio.', '2024-11-14 22:53:47.000000', 1, 50);
INSERT INTO `post` (`id`, `content`, `created_at`, `title`, `updated_at`, `author_id`, `topic_id`) VALUES (6, 'Cupiditate quo deleniti aut molestias nisi. Repudiandae modi error consequatur voluptas non. Expedita officia nihil pariatur neque velit.', '2024-01-03 19:57:14.000000', 'Soluta ad vel amet alias amet.', '2024-11-04 22:04:48.000000', 11, 8);
INSERT INTO `post` (`id`, `content`, `created_at`, `title`, `updated_at`, `author_id`, `topic_id`) VALUES (7, 'Laboriosam unde libero et et deserunt. At sequi inventore consequatur non et. Ab delectus et voluptas. Deserunt voluptate hic velit debitis quis.', '2024-03-05 21:46:37.000000', 'Blanditiis ea dignissimos rerum illum veniam eveniet.', '2024-10-26 16:35:03.000000', 7, 16);
INSERT INTO `post` (`id`, `content`, `created_at`, `title`, `updated_at`, `author_id`, `topic_id`) VALUES (8, 'Non repudiandae fugiat officiis quam ut aliquam quos. Aut maxime consectetur et eligendi. Nemo harum blanditiis quis aut.', '2024-05-24 23:28:32.000000', 'Quas dolor quia laboriosam dolorum necessitatibus dicta.', '2024-10-27 14:02:42.000000', 3, 38);
INSERT INTO `post` (`id`, `content`, `created_at`, `title`, `updated_at`, `author_id`, `topic_id`) VALUES (9, 'Qui consequatur tempore perspiciatis et mollitia repellendus tempore et. Officiis rerum eos quo. Quas ab et ea suscipit. Eveniet ut ut praesentium sint eius eaque. Deserunt vel sit quae voluptatem.', '2024-06-21 20:24:19.000000', 'Qui non et et labore est repudiandae harum.', '2024-11-02 03:38:52.000000', 13, 3);
INSERT INTO `post` (`id`, `content`, `created_at`, `title`, `updated_at`, `author_id`, `topic_id`) VALUES (10, 'Quia voluptates ipsa omnis soluta et. Dolorem cupiditate veniam aliquid aperiam rerum. Debitis reiciendis rerum sapiente ut impedit.', '2024-11-13 05:50:34.000000', 'Sed culpa fugiat quia rerum aut ipsa laborum.', '2024-11-11 00:06:17.000000', 9, 28);
INSERT INTO `post` (`id`, `content`, `created_at`, `title`, `updated_at`, `author_id`, `topic_id`) VALUES (11, 'Quisquam est quisquam consequatur qui exercitationem. Dolorem dolor numquam voluptates quod sit fugiat soluta. Ad saepe hic qui quia unde. Quam et temporibus neque officia.', '2023-12-24 22:56:17.000000', 'Eveniet nisi soluta quia adipisci.', '2024-11-17 22:27:35.000000', 15, 17);
INSERT INTO `post` (`id`, `content`, `created_at`, `title`, `updated_at`, `author_id`, `topic_id`) VALUES (12, 'Assumenda vitae aut qui ea. Aut voluptas quibusdam quae amet hic sit. Recusandae sapiente eos beatae eum doloribus.', '2024-02-02 16:15:46.000000', 'Accusamus ducimus cum aliquid fuga.', '2024-11-01 13:16:56.000000', 2, 35);
INSERT INTO `post` (`id`, `content`, `created_at`, `title`, `updated_at`, `author_id`, `topic_id`) VALUES (13, 'Doloribus pariatur nobis soluta. Explicabo magni aut quod sint ea. Ducimus sit ut qui numquam suscipit accusamus necessitatibus. Id enim magni incidunt dolores quibusdam praesentium.', '2024-10-09 16:51:15.000000', 'Placeat cupiditate autem similique dolorum enim ut.', '2024-11-19 23:39:42.000000', 9, 1);
INSERT INTO `post` (`id`, `content`, `created_at`, `title`, `updated_at`, `author_id`, `topic_id`) VALUES (14, 'Quia aliquid et et vel qui dolor. Aut velit similique incidunt ea. Aut ut deserunt ut incidunt labore quidem.', '2024-01-06 21:36:10.000000', 'Earum assumenda iste temporibus et dicta.', '2024-10-27 16:25:39.000000', 10, 30);
INSERT INTO `post` (`id`, `content`, `created_at`, `title`, `updated_at`, `author_id`, `topic_id`) VALUES (15, 'Voluptas recusandae dolores facilis eos omnis voluptates. Consequatur eos nostrum distinctio odio. Saepe aut eligendi ratione sit fugiat voluptatem. Itaque iste ullam sed eveniet cum adipisci et.', '2024-04-25 11:55:28.000000', 'Aut non tempore autem.', '2024-10-28 20:44:28.000000', 17, 14);
INSERT INTO `post` (`id`, `content`, `created_at`, `title`, `updated_at`, `author_id`, `topic_id`) VALUES (16, 'Ut dolorum et porro aut placeat aut voluptatem. Mollitia perspiciatis consequatur harum cumque omnis voluptatem. Modi iusto sed ut dolores velit.', '2024-11-08 09:16:47.000000', 'Cumque voluptas aspernatur voluptas possimus.', '2024-11-16 19:50:56.000000', 19, 23);
INSERT INTO `post` (`id`, `content`, `created_at`, `title`, `updated_at`, `author_id`, `topic_id`) VALUES (17, 'Officiis unde non corporis dolores incidunt fugiat in. Est sunt ad quaerat vel ut est nesciunt. Officia aut consectetur quasi labore. Autem magni et amet natus.', '2024-11-16 12:20:38.000000', 'Dolorem mollitia at vel eos sint accusantium.', '2024-11-18 16:45:25.000000', 11, 42);
INSERT INTO `post` (`id`, `content`, `created_at`, `title`, `updated_at`, `author_id`, `topic_id`) VALUES (18, 'Aspernatur maxime nemo deserunt quia nulla sint temporibus ullam. Suscipit sunt suscipit dolor omnis. Velit quos beatae vitae quia.', '2023-12-02 18:35:16.000000', 'Unde nihil quod omnis veniam.', '2024-11-09 20:23:01.000000', 6, 45);
INSERT INTO `post` (`id`, `content`, `created_at`, `title`, `updated_at`, `author_id`, `topic_id`) VALUES (19, 'Odio explicabo tempora ratione mollitia rerum neque est. Accusantium voluptates est fuga aperiam dolorem ut. Repellat ea porro nam praesentium quo. Ab omnis saepe ea quam dolorem.', '2024-11-14 09:17:38.000000', 'Quia molestiae nulla dolore ipsam.', '2024-10-27 23:33:41.000000', 4, 4);
INSERT INTO `post` (`id`, `content`, `created_at`, `title`, `updated_at`, `author_id`, `topic_id`) VALUES (20, 'Officia delectus vitae voluptate libero architecto rerum. Magni neque quibusdam esse rerum. Laboriosam nisi aliquam nobis molestias et quidem doloremque.', '2024-05-21 09:48:11.000000', 'Provident illo quam vel enim vitae quasi.', '2024-11-13 12:41:21.000000', 14, 15);
INSERT INTO `post` (`id`, `content`, `created_at`, `title`, `updated_at`, `author_id`, `topic_id`) VALUES (21, 'Est dolores quis voluptatem quis. Iure voluptatem tempora et vel cum. Corporis est odio aut quis qui.', '2024-07-09 05:42:05.000000', 'Harum et ut omnis suscipit quia ut autem molestiae.', '2024-11-21 16:00:36.000000', 19, 16);
INSERT INTO `post` (`id`, `content`, `created_at`, `title`, `updated_at`, `author_id`, `topic_id`) VALUES (22, 'Fugiat nisi accusamus nesciunt tenetur vero asperiores et. Rerum officia voluptatem vero qui expedita ullam quis. Pariatur dolor veniam ex repudiandae.', '2023-12-31 22:31:00.000000', 'Ratione beatae est labore eos.', '2024-11-08 06:12:03.000000', 16, 33);
INSERT INTO `post` (`id`, `content`, `created_at`, `title`, `updated_at`, `author_id`, `topic_id`) VALUES (23, 'Voluptas assumenda nesciunt maxime deleniti. Dolorem sed sit eos. Quos assumenda non et. In omnis suscipit nemo.', '2024-05-11 08:11:42.000000', 'Porro reiciendis omnis velit alias quo magnam.', '2024-10-23 13:34:06.000000', 8, 12);
INSERT INTO `post` (`id`, `content`, `created_at`, `title`, `updated_at`, `author_id`, `topic_id`) VALUES (24, 'Sint doloribus a perspiciatis est totam possimus. Eum maiores placeat suscipit quasi aut cupiditate. Et quas qui aut et amet et rerum. Enim est voluptate voluptas molestiae et.', '2024-05-29 23:21:37.000000', 'Reprehenderit iure accusamus et fuga consectetur culpa qui.', '2024-10-24 13:22:13.000000', 11, 38);
INSERT INTO `post` (`id`, `content`, `created_at`, `title`, `updated_at`, `author_id`, `topic_id`) VALUES (25, 'Natus illum voluptas non quibusdam ab cum qui. Aut et dolores ea natus. Reiciendis qui voluptatum et pariatur ea in est. Sunt saepe rerum harum omnis necessitatibus eaque.', '2024-01-29 11:33:47.000000', 'Nam quia dolor doloribus delectus ut omnis.', '2024-10-27 11:29:51.000000', 20, 41);
INSERT INTO `post` (`id`, `content`, `created_at`, `title`, `updated_at`, `author_id`, `topic_id`) VALUES (26, 'Ea suscipit doloribus earum est. Commodi ut qui eum expedita quae explicabo. Magnam consectetur similique quia corrupti.', '2024-04-21 15:55:31.000000', 'Exercitationem deserunt omnis totam sit expedita ratione odit.', '2024-11-05 08:23:45.000000', 1, 17);
INSERT INTO `post` (`id`, `content`, `created_at`, `title`, `updated_at`, `author_id`, `topic_id`) VALUES (27, 'Voluptas qui explicabo sed deserunt autem quis nemo. Est iusto possimus aut vitae fuga. Odio pariatur et itaque a iste. Rerum deleniti neque architecto repellendus quod et optio.', '2024-07-08 03:50:36.000000', 'Id excepturi ipsa et explicabo ut dolores explicabo.', '2024-11-15 01:28:31.000000', 5, 23);
INSERT INTO `post` (`id`, `content`, `created_at`, `title`, `updated_at`, `author_id`, `topic_id`) VALUES (28, 'Quisquam veniam natus porro nisi est quia. Sit cupiditate earum optio vitae voluptatem repellendus nisi. Voluptatem molestiae voluptatem error.', '2024-04-06 12:44:05.000000', 'Non voluptate impedit laudantium eaque vitae.', '2024-11-16 02:40:54.000000', 20, 15);
INSERT INTO `post` (`id`, `content`, `created_at`, `title`, `updated_at`, `author_id`, `topic_id`) VALUES (29, 'Eum itaque libero eaque quam. Voluptatem sint eaque et corporis ut. Veniam qui rerum ipsum eius ratione.', '2024-01-05 11:08:05.000000', 'Nostrum hic ad ut ad aut cupiditate.', '2024-11-08 17:19:14.000000', 16, 41);
INSERT INTO `post` (`id`, `content`, `created_at`, `title`, `updated_at`, `author_id`, `topic_id`) VALUES (30, 'Sit et commodi consequuntur ipsa. Odio praesentium autem earum accusamus neque ut quod. Iste autem qui esse vel. Similique itaque illo est placeat fuga tenetur rem.', '2024-07-10 07:17:21.000000', 'Repellendus omnis odio dolorem rerum maiores voluptates dolores.', '2024-11-14 04:37:04.000000', 2, 33);
INSERT INTO `post` (`id`, `content`, `created_at`, `title`, `updated_at`, `author_id`, `topic_id`) VALUES (31, 'Dolores quidem sed at voluptatem et culpa alias. Eum similique adipisci voluptatem perspiciatis. Cum ut aspernatur iure quis et.', '2023-12-14 14:14:12.000000', 'Et aut eum omnis rem perspiciatis nesciunt.', '2024-11-19 11:45:21.000000', 3, 44);
INSERT INTO `post` (`id`, `content`, `created_at`, `title`, `updated_at`, `author_id`, `topic_id`) VALUES (32, 'Sit quaerat deserunt et veritatis placeat et dolore. Magnam aut aut unde voluptas. Eveniet voluptatibus asperiores asperiores eos itaque commodi ipsam.', '2024-04-30 17:44:38.000000', 'Aut doloribus enim illo voluptate perferendis ut sit sit.', '2024-11-03 22:39:26.000000', 7, 32);
INSERT INTO `post` (`id`, `content`, `created_at`, `title`, `updated_at`, `author_id`, `topic_id`) VALUES (33, 'Odio et placeat ut enim. Aut facere vel maxime. Molestiae eveniet placeat saepe quis. Asperiores dolore pariatur et pariatur consequatur totam nesciunt iste.', '2024-07-07 20:08:38.000000', 'Labore delectus nemo dicta dolores et sit.', '2024-10-23 14:09:24.000000', 3, 6);
INSERT INTO `post` (`id`, `content`, `created_at`, `title`, `updated_at`, `author_id`, `topic_id`) VALUES (34, 'Quas vero dignissimos voluptatibus adipisci. Voluptas occaecati optio modi impedit tempora facilis. A molestias tempore voluptate doloremque. Aut ipsa enim hic dolor sunt autem.', '2024-07-01 22:19:23.000000', 'Amet qui culpa quasi nesciunt deleniti cupiditate sint.', '2024-10-31 16:10:46.000000', 19, 6);
INSERT INTO `post` (`id`, `content`, `created_at`, `title`, `updated_at`, `author_id`, `topic_id`) VALUES (35, 'Ut at dicta sed ducimus natus eius. Qui ab sed quis expedita id earum et.', '2024-07-01 06:53:21.000000', 'Impedit minima corrupti animi impedit.', '2024-10-22 19:05:23.000000', 10, 5);
INSERT INTO `post` (`id`, `content`, `created_at`, `title`, `updated_at`, `author_id`, `topic_id`) VALUES (36, 'Magnam ut qui aut ad quae. Ipsam beatae explicabo id illo. Reprehenderit ea accusantium consequatur ut quas magnam voluptatem odit.', '2024-03-29 14:49:29.000000', 'Voluptatem quasi ipsum suscipit et sed iure.', '2024-10-25 03:42:44.000000', 17, 15);
INSERT INTO `post` (`id`, `content`, `created_at`, `title`, `updated_at`, `author_id`, `topic_id`) VALUES (37, 'Explicabo aliquam quia possimus est enim saepe. At ut aspernatur minima doloremque et quis. Maiores reiciendis cum magni occaecati optio eos.', '2023-12-29 04:53:28.000000', 'Ipsum dolores temporibus quas cumque voluptatem ducimus.', '2024-11-05 02:11:37.000000', 11, 29);
INSERT INTO `post` (`id`, `content`, `created_at`, `title`, `updated_at`, `author_id`, `topic_id`) VALUES (38, 'Vel nihil rerum mollitia sit tempora aut quae. Accusantium non aut vel laudantium.', '2023-12-29 03:01:32.000000', 'Dolorum nulla ut eius.', '2024-10-30 10:39:46.000000', 13, 4);
INSERT INTO `post` (`id`, `content`, `created_at`, `title`, `updated_at`, `author_id`, `topic_id`) VALUES (39, 'Et sit eveniet culpa tenetur officiis. Tempore est ipsum quidem et quia nemo rem. Quia sit et sequi nisi provident voluptatem quis quos. Et laboriosam est explicabo qui.', '2024-04-14 16:02:52.000000', 'Quia quos provident ut.', '2024-11-21 03:21:51.000000', 3, 7);
INSERT INTO `post` (`id`, `content`, `created_at`, `title`, `updated_at`, `author_id`, `topic_id`) VALUES (40, 'Autem temporibus expedita aut ullam. Quisquam eveniet qui corporis dolore nostrum aliquam exercitationem. Ut asperiores beatae ratione mollitia exercitationem.', '2024-11-19 18:57:20.000000', 'Excepturi et repudiandae sequi.', '2024-11-10 11:43:57.000000', 12, 17);
INSERT INTO `post` (`id`, `content`, `created_at`, `title`, `updated_at`, `author_id`, `topic_id`) VALUES (41, 'Earum est odio quia optio. Eveniet vel eligendi voluptatibus quis sed. Aliquid excepturi tenetur suscipit sint facilis. Sit temporibus ipsum debitis aut et ea corrupti.', '2024-05-01 16:42:00.000000', 'Quam expedita incidunt sit ipsum.', '2024-11-07 07:40:13.000000', 3, 21);
INSERT INTO `post` (`id`, `content`, `created_at`, `title`, `updated_at`, `author_id`, `topic_id`) VALUES (42, 'Perspiciatis facere et sed aut. Itaque nobis nihil natus ipsa aliquid quam. Enim ipsa omnis sit. Facilis doloribus et sed reprehenderit architecto.', '2024-01-30 20:25:28.000000', 'Reprehenderit alias non et consectetur libero sunt neque.', '2024-11-04 14:46:10.000000', 2, 28);
INSERT INTO `post` (`id`, `content`, `created_at`, `title`, `updated_at`, `author_id`, `topic_id`) VALUES (43, 'In eos excepturi voluptatem vitae repudiandae. Mollitia voluptatem natus ut ab ut velit nulla. Tempora eos deleniti aspernatur provident porro omnis. Laudantium in iste omnis corporis nemo.', '2024-09-15 04:12:14.000000', 'Placeat omnis optio exercitationem eaque odio.', '2024-11-09 17:41:51.000000', 3, 43);
INSERT INTO `post` (`id`, `content`, `created_at`, `title`, `updated_at`, `author_id`, `topic_id`) VALUES (44, 'Sed alias consequatur dolores optio consectetur illo. Commodi quos est eaque quis. Illum autem asperiores vel. Architecto id aut optio id. Adipisci molestiae sint quia id corrupti.', '2024-06-19 16:10:00.000000', 'Consequatur nostrum qui eos et accusantium id voluptas quae.', '2024-11-01 02:26:34.000000', 19, 16);
INSERT INTO `post` (`id`, `content`, `created_at`, `title`, `updated_at`, `author_id`, `topic_id`) VALUES (45, 'Consequatur et voluptates consequatur voluptates. Sit aspernatur mollitia ut sapiente omnis dolores. Dolorem iusto porro cupiditate et error aut.', '2024-03-27 04:58:58.000000', 'Repellendus voluptas omnis veniam.', '2024-10-28 23:34:20.000000', 5, 12);
INSERT INTO `post` (`id`, `content`, `created_at`, `title`, `updated_at`, `author_id`, `topic_id`) VALUES (46, 'Et quis accusantium est repudiandae sed. Temporibus impedit cupiditate explicabo molestiae eum expedita. Et et porro unde fugiat. Est laboriosam rerum cumque ea.', '2024-05-20 21:03:54.000000', 'Ipsum voluptatem exercitationem veniam error accusantium voluptas occaecati.', '2024-11-08 11:00:51.000000', 10, 36);
INSERT INTO `post` (`id`, `content`, `created_at`, `title`, `updated_at`, `author_id`, `topic_id`) VALUES (47, 'Officia quo a nostrum sunt impedit tempore placeat. Velit non labore deleniti aperiam. Reprehenderit rem iure natus soluta illo ex. Sed praesentium unde iste.', '2024-04-05 11:41:27.000000', 'Aut consequatur distinctio sunt.', '2024-10-26 14:40:22.000000', 18, 15);
INSERT INTO `post` (`id`, `content`, `created_at`, `title`, `updated_at`, `author_id`, `topic_id`) VALUES (48, 'Quia eligendi rem aut voluptatem soluta. At expedita nostrum omnis est. Quibusdam expedita nesciunt odio sed enim.', '2023-12-29 20:12:35.000000', 'Est voluptatem fugiat rerum qui saepe.', '2024-11-02 11:53:15.000000', 1, 9);
INSERT INTO `post` (`id`, `content`, `created_at`, `title`, `updated_at`, `author_id`, `topic_id`) VALUES (49, 'Et tempore quia autem voluptatibus. Veniam laboriosam amet labore consequuntur iusto qui. Nostrum minus expedita provident doloremque esse quasi consequatur.', '2024-04-23 03:07:59.000000', 'Consequuntur quibusdam vel est suscipit.', '2024-11-06 01:19:16.000000', 20, 5);
INSERT INTO `post` (`id`, `content`, `created_at`, `title`, `updated_at`, `author_id`, `topic_id`) VALUES (50, 'Nisi unde esse totam quam possimus. Excepturi excepturi vitae unde eius dolores.', '2024-11-21 17:35:04.000000', 'Harum excepturi quo odit natus.', '2024-11-04 16:34:57.000000', 15, 20);
INSERT INTO `post` (`id`, `content`, `created_at`, `title`, `updated_at`, `author_id`, `topic_id`) VALUES (51, 'Voluptas qui numquam voluptatibus ipsa quia qui nam. Esse debitis eos ea debitis nesciunt. Quia repellat sit consequuntur blanditiis. Asperiores maxime veritatis id qui culpa.', '2024-01-11 01:01:35.000000', 'Voluptate unde exercitationem possimus.', '2024-10-28 04:01:09.000000', 9, 5);
INSERT INTO `post` (`id`, `content`, `created_at`, `title`, `updated_at`, `author_id`, `topic_id`) VALUES (52, 'Ad id sed qui velit. Ullam quo aut sapiente veritatis libero dicta vero corporis. Aut a explicabo praesentium cumque quia deleniti vero.', '2024-10-14 13:15:01.000000', 'Et ut earum culpa quia dignissimos.', '2024-11-02 15:25:22.000000', 18, 22);
INSERT INTO `post` (`id`, `content`, `created_at`, `title`, `updated_at`, `author_id`, `topic_id`) VALUES (53, 'Ab et aut sit accusamus. Dicta inventore cum explicabo et qui quasi dicta quam. Esse pariatur sequi sequi veniam nihil est. Et odio nihil accusamus delectus. Earum earum quam veniam delectus.', '2024-03-28 09:56:21.000000', 'Enim dolorem voluptatem voluptas et aut.', '2024-11-16 06:27:53.000000', 19, 7);
INSERT INTO `post` (`id`, `content`, `created_at`, `title`, `updated_at`, `author_id`, `topic_id`) VALUES (54, 'Et dignissimos et autem dicta omnis. Cumque quaerat ut laborum cum maxime nemo. Eum ut nostrum explicabo maxime dolorum.', '2024-11-10 13:28:44.000000', 'Ea aspernatur ea voluptatem voluptate quod ipsa molestiae.', '2024-11-20 19:58:17.000000', 12, 49);
INSERT INTO `post` (`id`, `content`, `created_at`, `title`, `updated_at`, `author_id`, `topic_id`) VALUES (55, 'Saepe quo ipsa ut minima debitis. At quia qui reprehenderit minus voluptate omnis accusantium.', '2024-05-19 19:14:23.000000', 'Omnis commodi tempora minima est sequi delectus ut.', '2024-11-08 14:43:05.000000', 19, 1);
INSERT INTO `post` (`id`, `content`, `created_at`, `title`, `updated_at`, `author_id`, `topic_id`) VALUES (56, 'Dicta ut aut at molestias dolorem unde vero. Labore et quas aut omnis esse incidunt. Ea cupiditate sit quas excepturi. Id qui odit aspernatur omnis.', '2024-03-03 06:42:26.000000', 'Quo minus et corrupti cum.', '2024-11-11 13:28:48.000000', 17, 40);
INSERT INTO `post` (`id`, `content`, `created_at`, `title`, `updated_at`, `author_id`, `topic_id`) VALUES (57, 'Atque dolores et voluptates cupiditate hic. Molestiae fugiat dolor laboriosam ipsam eaque natus sed. Vitae et itaque deserunt unde.', '2023-12-20 00:43:18.000000', 'Quas facere fuga dignissimos qui rerum.', '2024-11-07 06:09:32.000000', 18, 26);
INSERT INTO `post` (`id`, `content`, `created_at`, `title`, `updated_at`, `author_id`, `topic_id`) VALUES (58, 'Fuga ad quia esse molestiae iusto voluptas architecto consequatur. Recusandae et et ratione aut ducimus accusantium. Odit ab voluptatibus recusandae fugiat dignissimos.', '2024-10-13 22:16:24.000000', 'Reiciendis porro voluptatem rem aperiam enim.', '2024-11-17 16:14:48.000000', 18, 12);
INSERT INTO `post` (`id`, `content`, `created_at`, `title`, `updated_at`, `author_id`, `topic_id`) VALUES (59, 'Tenetur itaque itaque rerum eos aliquid quisquam. Esse porro ut error sint sint. Itaque consequuntur commodi aliquam et reiciendis praesentium. At et praesentium et voluptates.', '2024-02-13 00:02:55.000000', 'Et nisi hic nisi libero omnis earum repellat.', '2024-11-16 16:36:05.000000', 15, 23);
INSERT INTO `post` (`id`, `content`, `created_at`, `title`, `updated_at`, `author_id`, `topic_id`) VALUES (60, 'Sit culpa aut dolore sapiente. Voluptas quos voluptatem libero quidem aut commodi. Nobis at ut magni vitae. Eum aut fugiat velit iure officiis.', '2024-08-15 14:10:19.000000', 'Qui voluptatem autem natus ut.', '2024-11-05 06:37:58.000000', 5, 37);
INSERT INTO `post` (`id`, `content`, `created_at`, `title`, `updated_at`, `author_id`, `topic_id`) VALUES (61, 'Harum iste sit et. Autem neque quod eligendi quidem ea. Quod quae aut culpa vitae.\nFuga libero deleniti sint quos. Eaque architecto ullam aut esse qui.', '2024-05-05 03:24:00.000000', 'Nostrum sed ipsam quasi eum neque.', '2024-11-08 07:33:38.000000', 18, 26);
INSERT INTO `post` (`id`, `content`, `created_at`, `title`, `updated_at`, `author_id`, `topic_id`) VALUES (62, 'Eaque distinctio enim beatae. Alias cupiditate accusantium quia aliquam est cumque. Rerum ab velit et aut. Voluptatem inventore impedit dolorem qui.', '2024-01-15 05:08:38.000000', 'Aut veritatis quis ad voluptas qui non.', '2024-11-07 21:47:04.000000', 8, 14);
INSERT INTO `post` (`id`, `content`, `created_at`, `title`, `updated_at`, `author_id`, `topic_id`) VALUES (63, 'Laborum sint eaque illo iure. Necessitatibus et iure ipsum a maxime. Incidunt non voluptatem totam laboriosam quod quaerat dolor.', '2024-10-30 08:58:50.000000', 'Molestias aut ex ad qui doloremque quae voluptates nisi.', '2024-11-17 00:46:08.000000', 7, 14);
INSERT INTO `post` (`id`, `content`, `created_at`, `title`, `updated_at`, `author_id`, `topic_id`) VALUES (64, 'Consequuntur iste ea delectus debitis. Distinctio non molestiae excepturi sunt deserunt laboriosam temporibus. Est sint quis vel qui ducimus ut tenetur. Rerum nisi aperiam laboriosam.', '2024-01-31 04:47:34.000000', 'Est molestiae unde consequatur quas aut in sint amet.', '2024-10-26 00:46:26.000000', 3, 34);
INSERT INTO `post` (`id`, `content`, `created_at`, `title`, `updated_at`, `author_id`, `topic_id`) VALUES (65, 'Nulla libero quam qui ut dolores vel tenetur. Tempora vero repudiandae ea autem sint quia consequuntur. Odit ut eaque corrupti earum non et. Sapiente quaerat id quos.', '2024-03-26 02:16:28.000000', 'Rerum aut dolores perferendis explicabo.', '2024-11-04 16:27:19.000000', 20, 1);
INSERT INTO `post` (`id`, `content`, `created_at`, `title`, `updated_at`, `author_id`, `topic_id`) VALUES (66, 'Et id dignissimos quisquam et est. Ut sunt eum cum est ut et. Deleniti ea vitae id non ad consectetur qui.', '2024-06-05 16:32:28.000000', 'Est qui repellat eos atque.', '2024-10-30 21:26:08.000000', 11, 43);
INSERT INTO `post` (`id`, `content`, `created_at`, `title`, `updated_at`, `author_id`, `topic_id`) VALUES (67, 'Deserunt hic est veniam nemo nihil ut voluptate. Odit eum odit sunt ea aperiam neque. Id qui earum neque ut deleniti quos nihil. Sed unde aut quis architecto ut.', '2024-03-29 09:16:45.000000', 'Aspernatur labore iste facere eos repellendus.', '2024-11-01 11:00:16.000000', 2, 16);
INSERT INTO `post` (`id`, `content`, `created_at`, `title`, `updated_at`, `author_id`, `topic_id`) VALUES (68, 'Eius dolores est porro dolores ab nemo excepturi. Nostrum non iusto ex vitae eum corporis magnam sint. Ut iste fugiat eaque et. Quo natus incidunt et et et et.', '2024-05-28 20:35:10.000000', 'In in earum sit omnis in eius molestiae libero.', '2024-11-19 00:48:19.000000', 5, 30);
INSERT INTO `post` (`id`, `content`, `created_at`, `title`, `updated_at`, `author_id`, `topic_id`) VALUES (69, 'Et rerum facilis explicabo omnis. Provident aliquam tempora et unde quasi dolorum. Iure voluptatibus laborum ullam dolorum laborum numquam adipisci.', '2024-07-11 07:50:41.000000', 'Et nihil molestiae impedit recusandae.', '2024-11-03 21:59:44.000000', 13, 32);
INSERT INTO `post` (`id`, `content`, `created_at`, `title`, `updated_at`, `author_id`, `topic_id`) VALUES (70, 'Voluptas amet provident sed vel dolor. Quos dolor voluptates praesentium eveniet qui nulla.', '2024-07-02 08:07:25.000000', 'Debitis molestiae velit totam debitis voluptates qui facere.', '2024-11-22 06:43:24.000000', 20, 43);
INSERT INTO `post` (`id`, `content`, `created_at`, `title`, `updated_at`, `author_id`, `topic_id`) VALUES (71, 'Quia in error sint iste similique unde voluptatibus. Quidem nisi quae architecto aut. Et nostrum qui consequuntur distinctio similique ea eos.', '2024-03-28 01:19:56.000000', 'Amet laudantium voluptatum iure dolore consequatur a.', '2024-10-26 18:05:56.000000', 13, 21);
INSERT INTO `post` (`id`, `content`, `created_at`, `title`, `updated_at`, `author_id`, `topic_id`) VALUES (72, 'Eius facere omnis voluptas aut. Aut ullam quidem voluptatem reiciendis. Deserunt officia nihil quo modi et ipsam.', '2024-06-27 16:39:17.000000', 'Error quo qui quis in.', '2024-10-29 05:51:31.000000', 8, 2);
INSERT INTO `post` (`id`, `content`, `created_at`, `title`, `updated_at`, `author_id`, `topic_id`) VALUES (73, 'Saepe cupiditate quas ex alias at autem. Omnis velit quos sit aut pariatur. Dolorem qui suscipit et quas dolorem reiciendis voluptas. Provident et corrupti ratione fugiat sequi in esse.', '2024-04-29 03:41:41.000000', 'Qui sunt magnam rem quaerat autem.', '2024-10-30 10:20:10.000000', 13, 9);
INSERT INTO `post` (`id`, `content`, `created_at`, `title`, `updated_at`, `author_id`, `topic_id`) VALUES (74, 'Aspernatur qui dolorem iste aut facilis. Minus aperiam incidunt ea modi illum. Consequuntur soluta consectetur totam earum cupiditate in repellat.', '2024-04-26 21:32:50.000000', 'Dolores dignissimos quas eaque quo.', '2024-11-01 16:25:35.000000', 15, 6);
INSERT INTO `post` (`id`, `content`, `created_at`, `title`, `updated_at`, `author_id`, `topic_id`) VALUES (75, 'Eligendi suscipit quia alias est eos eaque dolor. Blanditiis hic earum accusantium repellendus ut velit ad. Ipsum amet dignissimos laborum sit. Ea eum vel id dolore.', '2024-07-24 14:43:13.000000', 'Facere velit necessitatibus odit quia quos sit est.', '2024-11-13 14:47:40.000000', 14, 50);
INSERT INTO `post` (`id`, `content`, `created_at`, `title`, `updated_at`, `author_id`, `topic_id`) VALUES (76, 'Omnis voluptas id vel magnam. Est earum rerum atque repellat perspiciatis dolor. Omnis et quia facere deleniti velit voluptas sunt. Eos et rerum nihil nisi reprehenderit molestias dolore sit.', '2024-07-15 03:49:30.000000', 'Illum eos eligendi eligendi aut ut.', '2024-11-03 04:27:46.000000', 11, 14);
INSERT INTO `post` (`id`, `content`, `created_at`, `title`, `updated_at`, `author_id`, `topic_id`) VALUES (77, 'Dicta reiciendis in quia laborum quisquam quia. Recusandae accusamus quis impedit dolores. Sed sunt libero nulla in consequuntur repellendus. Rerum dolorum est consequatur.', '2024-04-10 21:11:16.000000', 'Architecto aliquid eligendi deleniti nobis ut est adipisci ut.', '2024-10-28 07:40:45.000000', 5, 33);
INSERT INTO `post` (`id`, `content`, `created_at`, `title`, `updated_at`, `author_id`, `topic_id`) VALUES (78, 'Temporibus et earum saepe nihil. Expedita exercitationem aliquam non voluptatem voluptatem sunt voluptatem. Voluptas delectus reiciendis hic a.', '2024-05-10 09:48:48.000000', 'Et tenetur commodi consequatur odio officia.', '2024-10-29 02:36:02.000000', 6, 7);
INSERT INTO `post` (`id`, `content`, `created_at`, `title`, `updated_at`, `author_id`, `topic_id`) VALUES (79, 'Nam amet quam asperiores aut quidem. Voluptatem veniam alias vitae nisi numquam. Ut omnis rerum perferendis est sed distinctio dolores.', '2023-12-21 23:52:01.000000', 'Qui tempora temporibus illo.', '2024-11-19 03:45:55.000000', 20, 33);
INSERT INTO `post` (`id`, `content`, `created_at`, `title`, `updated_at`, `author_id`, `topic_id`) VALUES (80, 'Ex autem nihil odit enim incidunt. Minima tempora veritatis neque amet. Harum sit et cumque ex dignissimos.', '2024-03-17 06:13:48.000000', 'Quam vitae vel quo quia maxime officiis.', '2024-11-10 02:12:23.000000', 5, 14);
INSERT INTO `post` (`id`, `content`, `created_at`, `title`, `updated_at`, `author_id`, `topic_id`) VALUES (81, 'Dolor harum pariatur veritatis deleniti. Tempora sunt accusantium reiciendis dolorem placeat harum sed nihil. Ipsam perferendis fugit qui.', '2024-04-04 12:37:44.000000', 'Itaque doloribus tenetur fuga praesentium praesentium delectus maxime dolor.', '2024-11-06 11:35:34.000000', 10, 7);
INSERT INTO `post` (`id`, `content`, `created_at`, `title`, `updated_at`, `author_id`, `topic_id`) VALUES (82, 'Aliquid ducimus autem reprehenderit expedita earum quo. Sit reiciendis consequatur neque dolores. Molestiae ipsam totam omnis perspiciatis voluptas.', '2024-03-03 03:26:42.000000', 'Dolorum laudantium est vero mollitia unde praesentium rerum fugit.', '2024-11-08 08:59:49.000000', 14, 41);
INSERT INTO `post` (`id`, `content`, `created_at`, `title`, `updated_at`, `author_id`, `topic_id`) VALUES (83, 'Non eligendi labore consequatur ad et. In fugiat est aliquam non et. Beatae dicta tempore id sit.', '2024-03-01 12:22:05.000000', 'Est ipsum quos qui nobis officiis cum officiis.', '2024-11-08 03:56:58.000000', 11, 2);
INSERT INTO `post` (`id`, `content`, `created_at`, `title`, `updated_at`, `author_id`, `topic_id`) VALUES (84, 'Dolore fugit illum cumque nesciunt sequi eos. Vitae sapiente blanditiis quis officiis minus quis qui. Sed similique nobis sed dolorum praesentium voluptas.', '2024-01-29 02:57:16.000000', 'Blanditiis vel ut velit asperiores aut est est.', '2024-11-22 01:29:59.000000', 18, 27);
INSERT INTO `post` (`id`, `content`, `created_at`, `title`, `updated_at`, `author_id`, `topic_id`) VALUES (85, 'Sunt itaque reiciendis eius accusantium dolores quia omnis. Sed ut dolorem error est. Non impedit autem quia aut eveniet iusto.', '2024-07-19 10:49:16.000000', 'Repudiandae et cumque est et dolor.', '2024-10-26 20:11:18.000000', 6, 35);
INSERT INTO `post` (`id`, `content`, `created_at`, `title`, `updated_at`, `author_id`, `topic_id`) VALUES (86, 'Et sit dolore eum ea voluptatem. Velit aut beatae voluptas harum. Voluptas laudantium voluptatem aut. Veniam ut vel aliquid fuga enim est.', '2024-08-21 03:05:38.000000', 'Quisquam nihil sed voluptatem doloremque.', '2024-11-03 14:09:20.000000', 14, 20);
INSERT INTO `post` (`id`, `content`, `created_at`, `title`, `updated_at`, `author_id`, `topic_id`) VALUES (87, 'Sit quia quod distinctio autem perferendis fuga. Impedit ab eius laborum. Inventore voluptas aperiam qui aliquam voluptates. Dignissimos aut esse ipsam voluptatum itaque aut praesentium molestiae.', '2024-05-29 02:33:00.000000', 'Vel veritatis facere repellat.', '2024-11-01 14:16:28.000000', 15, 26);
INSERT INTO `post` (`id`, `content`, `created_at`, `title`, `updated_at`, `author_id`, `topic_id`) VALUES (88, 'Dolores ea qui doloribus id. Accusamus quidem est qui odio blanditiis nam. Ex et corporis reiciendis quis eaque fugiat. Doloribus ut et aspernatur veritatis deserunt fugiat ipsam.', '2024-04-25 10:48:04.000000', 'Sint temporibus ea natus impedit.', '2024-10-22 20:14:44.000000', 20, 29);
INSERT INTO `post` (`id`, `content`, `created_at`, `title`, `updated_at`, `author_id`, `topic_id`) VALUES (89, 'Non deleniti et odit. Aspernatur consequatur est ad rem atque natus. Vel qui aperiam excepturi quis optio.', '2024-09-26 13:06:23.000000', 'Qui rerum incidunt veritatis quo.', '2024-11-16 14:47:43.000000', 20, 9);
INSERT INTO `post` (`id`, `content`, `created_at`, `title`, `updated_at`, `author_id`, `topic_id`) VALUES (90, 'Dolor magni rerum doloremque voluptates. Et enim aut rem sint et quisquam. In error rerum quibusdam impedit ut labore sunt. At ducimus dolor sint dolorem quia totam.', '2024-06-08 18:32:49.000000', 'Molestiae sunt omnis fugiat facere et quidem.', '2024-11-17 19:07:08.000000', 20, 18);
INSERT INTO `post` (`id`, `content`, `created_at`, `title`, `updated_at`, `author_id`, `topic_id`) VALUES (91, 'Eaque odit recusandae quo. Sit nemo amet aut debitis dolorem eos. Explicabo laboriosam repellendus et cum.\nMinima soluta repudiandae voluptatem est culpa. Error aut excepturi et et fuga.', '2024-03-30 07:22:22.000000', 'Id quo alias perspiciatis esse ipsa.', '2024-10-27 11:45:00.000000', 13, 35);
INSERT INTO `post` (`id`, `content`, `created_at`, `title`, `updated_at`, `author_id`, `topic_id`) VALUES (92, 'Reiciendis perferendis corrupti nisi blanditiis omnis. Ea rerum impedit optio hic. Suscipit consequuntur est natus deleniti. Iure et unde atque possimus inventore.', '2024-08-28 02:35:41.000000', 'Dolore debitis ratione omnis deserunt repellendus et beatae non.', '2024-11-02 18:40:32.000000', 5, 46);
INSERT INTO `post` (`id`, `content`, `created_at`, `title`, `updated_at`, `author_id`, `topic_id`) VALUES (93, 'Dolores modi beatae qui. Minima numquam dolorem in veniam. Sed nemo quis quia iste provident saepe fuga. Nam dolore cupiditate sint enim similique.', '2024-08-08 02:12:12.000000', 'Accusantium sit mollitia dolor voluptatem.', '2024-11-20 06:12:27.000000', 16, 18);
INSERT INTO `post` (`id`, `content`, `created_at`, `title`, `updated_at`, `author_id`, `topic_id`) VALUES (94, 'Accusamus excepturi reprehenderit et. Ipsam deleniti amet saepe repudiandae earum omnis et. Sit dolorum odit molestias ipsam quaerat assumenda.', '2024-01-02 17:08:34.000000', 'Autem omnis ut voluptate corrupti temporibus.', '2024-11-01 12:13:05.000000', 19, 20);
INSERT INTO `post` (`id`, `content`, `created_at`, `title`, `updated_at`, `author_id`, `topic_id`) VALUES (95, 'Est suscipit expedita non vel cumque et. Quia dolor error dolor voluptas consequatur voluptas. Ut exercitationem similique nam eum. Iusto veritatis impedit dignissimos et maxime autem consectetur.', '2024-09-01 07:50:47.000000', 'At dolorem non optio ut perferendis.', '2024-11-13 17:12:36.000000', 12, 27);
INSERT INTO `post` (`id`, `content`, `created_at`, `title`, `updated_at`, `author_id`, `topic_id`) VALUES (96, 'Ut architecto vero molestiae necessitatibus. Voluptatum eum quis voluptas libero fuga accusantium quis. Sit dolorum qui reiciendis neque aut consequatur.', '2024-06-04 13:15:18.000000', 'Nisi atque ducimus accusantium impedit similique eos.', '2024-10-28 17:24:06.000000', 9, 23);
INSERT INTO `post` (`id`, `content`, `created_at`, `title`, `updated_at`, `author_id`, `topic_id`) VALUES (97, 'Doloribus illo aut dicta eveniet et rerum. Voluptas mollitia necessitatibus reprehenderit sit sint laudantium. Ut est doloremque ad eaque voluptatibus molestiae.', '2024-06-06 17:47:00.000000', 'Excepturi facere et est illo aperiam consequatur quo voluptas.', '2024-11-03 04:08:25.000000', 12, 30);
INSERT INTO `post` (`id`, `content`, `created_at`, `title`, `updated_at`, `author_id`, `topic_id`) VALUES (98, 'Iusto tenetur fugit minima voluptatibus. Eos aut delectus quae doloribus et ut doloribus. Sequi vitae esse id dolor autem.', '2024-10-23 10:24:22.000000', 'Ut sit vitae est.', '2024-11-20 21:59:26.000000', 19, 48);
INSERT INTO `post` (`id`, `content`, `created_at`, `title`, `updated_at`, `author_id`, `topic_id`) VALUES (99, 'Veniam et suscipit quasi totam culpa sed. Laboriosam ea quis natus expedita unde laboriosam. Vero aut cum expedita itaque eum tenetur deserunt amet.', '2024-11-12 02:09:41.000000', 'Quisquam voluptas sint architecto et.', '2024-10-29 05:12:32.000000', 15, 43);
INSERT INTO `post` (`id`, `content`, `created_at`, `title`, `updated_at`, `author_id`, `topic_id`) VALUES (100, 'Voluptatem enim et rem sit. Ea id rerum voluptas doloribus vitae et vero. Officia repudiandae omnis eius omnis. Nostrum facere quod tempora nesciunt.', '2024-06-23 04:12:29.000000', 'Adipisci laudantium animi doloribus aliquam inventore in dolor id.', '2024-10-26 13:18:29.000000', 1, 42);

INSERT INTO `subscription` (`created_at`, `updated_at`, `topic_id`, `user_id`) VALUES ('2024-03-06 17:25:51.000000', '2023-12-05 01:17:49.000000', 1, 2);
INSERT INTO `subscription` (`created_at`, `updated_at`, `topic_id`, `user_id`) VALUES ('2024-06-20 00:35:42.000000', '2024-04-28 16:48:14.000000', 2, 5);
INSERT INTO `subscription` (`created_at`, `updated_at`, `topic_id`, `user_id`) VALUES ('2024-03-12 22:08:30.000000', '2024-06-21 15:08:27.000000', 2, 18);
INSERT INTO `subscription` (`created_at`, `updated_at`, `topic_id`, `user_id`) VALUES ('2024-09-20 08:22:36.000000', '2024-05-10 06:28:24.000000', 3, 10);
INSERT INTO `subscription` (`created_at`, `updated_at`, `topic_id`, `user_id`) VALUES ('2024-04-08 02:36:57.000000', '2024-08-12 15:52:45.000000', 3, 12);
INSERT INTO `subscription` (`created_at`, `updated_at`, `topic_id`, `user_id`) VALUES ('2024-04-17 18:11:02.000000', '2024-02-14 17:43:33.000000', 3, 13);
INSERT INTO `subscription` (`created_at`, `updated_at`, `topic_id`, `user_id`) VALUES ('2023-12-22 13:34:36.000000', '2024-07-28 14:18:09.000000', 3, 16);
INSERT INTO `subscription` (`created_at`, `updated_at`, `topic_id`, `user_id`) VALUES ('2024-01-30 17:48:34.000000', '2023-12-07 21:15:34.000000', 3, 18);
INSERT INTO `subscription` (`created_at`, `updated_at`, `topic_id`, `user_id`) VALUES ('2024-06-11 00:31:52.000000', '2024-10-29 00:26:44.000000', 5, 6);
INSERT INTO `subscription` (`created_at`, `updated_at`, `topic_id`, `user_id`) VALUES ('2024-06-30 23:36:01.000000', '2024-06-20 04:19:26.000000', 5, 7);
INSERT INTO `subscription` (`created_at`, `updated_at`, `topic_id`, `user_id`) VALUES ('2024-07-21 22:10:05.000000', '2024-07-29 21:50:59.000000', 6, 3);
INSERT INTO `subscription` (`created_at`, `updated_at`, `topic_id`, `user_id`) VALUES ('2024-03-27 12:04:02.000000', '2024-09-17 07:16:04.000000', 6, 7);
INSERT INTO `subscription` (`created_at`, `updated_at`, `topic_id`, `user_id`) VALUES ('2024-09-28 02:50:58.000000', '2024-10-21 23:04:43.000000', 6, 9);
INSERT INTO `subscription` (`created_at`, `updated_at`, `topic_id`, `user_id`) VALUES ('2024-03-10 08:26:39.000000', '2023-12-07 01:41:50.000000', 8, 5);
INSERT INTO `subscription` (`created_at`, `updated_at`, `topic_id`, `user_id`) VALUES ('2024-07-19 12:44:36.000000', '2024-04-04 18:31:15.000000', 9, 1);
INSERT INTO `subscription` (`created_at`, `updated_at`, `topic_id`, `user_id`) VALUES ('2024-10-05 11:33:06.000000', '2024-03-12 12:23:00.000000', 9, 8);
INSERT INTO `subscription` (`created_at`, `updated_at`, `topic_id`, `user_id`) VALUES ('2024-07-09 19:22:25.000000', '2023-12-02 17:56:38.000000', 10, 5);
INSERT INTO `subscription` (`created_at`, `updated_at`, `topic_id`, `user_id`) VALUES ('2024-04-27 12:44:51.000000', '2024-11-03 02:52:35.000000', 10, 8);
INSERT INTO `subscription` (`created_at`, `updated_at`, `topic_id`, `user_id`) VALUES ('2024-10-04 22:40:14.000000', '2024-06-23 03:35:11.000000', 10, 9);
INSERT INTO `subscription` (`created_at`, `updated_at`, `topic_id`, `user_id`) VALUES ('2024-10-12 20:37:06.000000', '2024-01-21 13:46:01.000000', 10, 12);
INSERT INTO `subscription` (`created_at`, `updated_at`, `topic_id`, `user_id`) VALUES ('2024-11-02 17:37:37.000000', '2024-06-08 17:58:40.000000', 10, 14);
INSERT INTO `subscription` (`created_at`, `updated_at`, `topic_id`, `user_id`) VALUES ('2024-03-17 06:10:11.000000', '2024-08-11 14:01:24.000000', 11, 11);
INSERT INTO `subscription` (`created_at`, `updated_at`, `topic_id`, `user_id`) VALUES ('2024-01-24 11:07:46.000000', '2024-08-06 09:49:42.000000', 12, 20);
INSERT INTO `subscription` (`created_at`, `updated_at`, `topic_id`, `user_id`) VALUES ('2024-09-02 03:28:49.000000', '2024-06-02 08:04:53.000000', 14, 14);
INSERT INTO `subscription` (`created_at`, `updated_at`, `topic_id`, `user_id`) VALUES ('2023-12-02 02:42:04.000000', '2024-11-20 13:22:37.000000', 14, 18);
INSERT INTO `subscription` (`created_at`, `updated_at`, `topic_id`, `user_id`) VALUES ('2024-02-05 18:29:42.000000', '2024-10-06 10:11:20.000000', 15, 7);
INSERT INTO `subscription` (`created_at`, `updated_at`, `topic_id`, `user_id`) VALUES ('2024-06-27 20:17:52.000000', '2024-07-09 02:20:41.000000', 15, 10);
INSERT INTO `subscription` (`created_at`, `updated_at`, `topic_id`, `user_id`) VALUES ('2024-01-19 04:18:14.000000', '2024-01-06 16:01:34.000000', 16, 1);
INSERT INTO `subscription` (`created_at`, `updated_at`, `topic_id`, `user_id`) VALUES ('2024-08-11 10:07:12.000000', '2024-07-16 09:50:55.000000', 16, 8);
INSERT INTO `subscription` (`created_at`, `updated_at`, `topic_id`, `user_id`) VALUES ('2024-03-24 05:17:50.000000', '2024-04-16 17:25:36.000000', 16, 12);
INSERT INTO `subscription` (`created_at`, `updated_at`, `topic_id`, `user_id`) VALUES ('2024-05-09 00:55:59.000000', '2024-07-22 05:25:18.000000', 16, 18);
INSERT INTO `subscription` (`created_at`, `updated_at`, `topic_id`, `user_id`) VALUES ('2024-06-12 06:09:18.000000', '2024-07-15 20:06:48.000000', 17, 6);
INSERT INTO `subscription` (`created_at`, `updated_at`, `topic_id`, `user_id`) VALUES ('2024-07-29 07:58:10.000000', '2024-08-02 04:59:03.000000', 18, 11);
INSERT INTO `subscription` (`created_at`, `updated_at`, `topic_id`, `user_id`) VALUES ('2024-07-06 00:34:22.000000', '2024-06-21 01:19:19.000000', 19, 18);
INSERT INTO `subscription` (`created_at`, `updated_at`, `topic_id`, `user_id`) VALUES ('2024-11-13 16:17:06.000000', '2024-03-28 08:21:00.000000', 20, 15);
INSERT INTO `subscription` (`created_at`, `updated_at`, `topic_id`, `user_id`) VALUES ('2024-03-13 13:21:28.000000', '2024-06-29 01:39:30.000000', 21, 1);
INSERT INTO `subscription` (`created_at`, `updated_at`, `topic_id`, `user_id`) VALUES ('2024-06-19 09:23:52.000000', '2024-03-03 10:47:34.000000', 21, 2);
INSERT INTO `subscription` (`created_at`, `updated_at`, `topic_id`, `user_id`) VALUES ('2023-12-13 20:10:24.000000', '2024-06-11 06:22:36.000000', 21, 7);
INSERT INTO `subscription` (`created_at`, `updated_at`, `topic_id`, `user_id`) VALUES ('2024-10-31 17:45:18.000000', '2023-12-02 06:53:29.000000', 21, 14);
INSERT INTO `subscription` (`created_at`, `updated_at`, `topic_id`, `user_id`) VALUES ('2024-09-06 20:52:16.000000', '2024-07-12 09:36:09.000000', 22, 2);
INSERT INTO `subscription` (`created_at`, `updated_at`, `topic_id`, `user_id`) VALUES ('2024-08-18 14:40:32.000000', '2024-09-15 12:59:57.000000', 22, 6);
INSERT INTO `subscription` (`created_at`, `updated_at`, `topic_id`, `user_id`) VALUES ('2024-01-04 10:15:56.000000', '2024-10-12 10:20:08.000000', 22, 15);
INSERT INTO `subscription` (`created_at`, `updated_at`, `topic_id`, `user_id`) VALUES ('2024-01-24 01:22:30.000000', '2023-12-29 02:50:49.000000', 23, 13);
INSERT INTO `subscription` (`created_at`, `updated_at`, `topic_id`, `user_id`) VALUES ('2024-10-11 13:01:58.000000', '2024-03-09 22:52:31.000000', 23, 17);
INSERT INTO `subscription` (`created_at`, `updated_at`, `topic_id`, `user_id`) VALUES ('2024-02-03 07:00:10.000000', '2024-08-13 14:08:32.000000', 24, 2);
INSERT INTO `subscription` (`created_at`, `updated_at`, `topic_id`, `user_id`) VALUES ('2024-03-06 07:24:07.000000', '2024-02-10 02:21:27.000000', 24, 5);
INSERT INTO `subscription` (`created_at`, `updated_at`, `topic_id`, `user_id`) VALUES ('2024-04-02 01:04:05.000000', '2024-04-08 18:25:04.000000', 25, 16);
INSERT INTO `subscription` (`created_at`, `updated_at`, `topic_id`, `user_id`) VALUES ('2024-01-06 01:25:08.000000', '2024-05-29 23:41:22.000000', 26, 11);
INSERT INTO `subscription` (`created_at`, `updated_at`, `topic_id`, `user_id`) VALUES ('2024-01-04 04:31:53.000000', '2024-04-22 08:57:30.000000', 27, 1);
INSERT INTO `subscription` (`created_at`, `updated_at`, `topic_id`, `user_id`) VALUES ('2024-04-03 15:43:50.000000', '2024-03-24 04:04:19.000000', 27, 7);
INSERT INTO `subscription` (`created_at`, `updated_at`, `topic_id`, `user_id`) VALUES ('2023-11-30 02:52:44.000000', '2024-09-21 14:17:31.000000', 27, 8);
INSERT INTO `subscription` (`created_at`, `updated_at`, `topic_id`, `user_id`) VALUES ('2024-06-24 22:35:42.000000', '2024-07-12 09:28:33.000000', 27, 12);
INSERT INTO `subscription` (`created_at`, `updated_at`, `topic_id`, `user_id`) VALUES ('2024-06-27 20:46:16.000000', '2024-11-09 23:35:49.000000', 29, 5);
INSERT INTO `subscription` (`created_at`, `updated_at`, `topic_id`, `user_id`) VALUES ('2024-08-29 10:09:05.000000', '2024-08-14 17:16:27.000000', 29, 11);
INSERT INTO `subscription` (`created_at`, `updated_at`, `topic_id`, `user_id`) VALUES ('2024-10-30 08:09:36.000000', '2024-03-05 22:16:33.000000', 30, 14);
INSERT INTO `subscription` (`created_at`, `updated_at`, `topic_id`, `user_id`) VALUES ('2024-01-30 21:49:25.000000', '2024-06-12 08:05:11.000000', 30, 18);
INSERT INTO `subscription` (`created_at`, `updated_at`, `topic_id`, `user_id`) VALUES ('2024-09-05 15:40:59.000000', '2024-01-29 15:45:29.000000', 31, 2);
INSERT INTO `subscription` (`created_at`, `updated_at`, `topic_id`, `user_id`) VALUES ('2024-02-08 21:27:49.000000', '2024-01-29 14:26:23.000000', 31, 11);
INSERT INTO `subscription` (`created_at`, `updated_at`, `topic_id`, `user_id`) VALUES ('2024-02-17 13:44:54.000000', '2024-06-16 00:27:28.000000', 32, 1);
INSERT INTO `subscription` (`created_at`, `updated_at`, `topic_id`, `user_id`) VALUES ('2024-08-02 07:37:14.000000', '2024-10-23 01:05:17.000000', 33, 11);
INSERT INTO `subscription` (`created_at`, `updated_at`, `topic_id`, `user_id`) VALUES ('2024-09-15 00:45:00.000000', '2024-06-10 19:30:32.000000', 34, 3);
INSERT INTO `subscription` (`created_at`, `updated_at`, `topic_id`, `user_id`) VALUES ('2023-12-14 05:33:47.000000', '2024-07-09 21:41:35.000000', 35, 11);
INSERT INTO `subscription` (`created_at`, `updated_at`, `topic_id`, `user_id`) VALUES ('2024-07-20 08:16:46.000000', '2024-03-17 19:20:27.000000', 35, 15);
INSERT INTO `subscription` (`created_at`, `updated_at`, `topic_id`, `user_id`) VALUES ('2024-07-01 13:15:40.000000', '2024-02-05 16:06:35.000000', 35, 19);
INSERT INTO `subscription` (`created_at`, `updated_at`, `topic_id`, `user_id`) VALUES ('2024-04-22 08:59:14.000000', '2024-07-19 21:22:42.000000', 36, 2);
INSERT INTO `subscription` (`created_at`, `updated_at`, `topic_id`, `user_id`) VALUES ('2024-05-26 10:53:11.000000', '2024-01-25 19:57:03.000000', 36, 5);
INSERT INTO `subscription` (`created_at`, `updated_at`, `topic_id`, `user_id`) VALUES ('2024-06-28 09:02:14.000000', '2024-03-04 04:41:52.000000', 37, 5);
INSERT INTO `subscription` (`created_at`, `updated_at`, `topic_id`, `user_id`) VALUES ('2024-05-24 08:51:17.000000', '2024-03-27 21:23:38.000000', 37, 6);
INSERT INTO `subscription` (`created_at`, `updated_at`, `topic_id`, `user_id`) VALUES ('2024-05-08 17:17:01.000000', '2024-06-10 21:56:52.000000', 37, 13);
INSERT INTO `subscription` (`created_at`, `updated_at`, `topic_id`, `user_id`) VALUES ('2024-09-16 05:32:53.000000', '2024-05-02 00:23:14.000000', 38, 4);
INSERT INTO `subscription` (`created_at`, `updated_at`, `topic_id`, `user_id`) VALUES ('2024-08-13 10:23:02.000000', '2024-05-03 03:31:34.000000', 38, 12);
INSERT INTO `subscription` (`created_at`, `updated_at`, `topic_id`, `user_id`) VALUES ('2024-06-15 07:13:10.000000', '2023-12-25 17:13:07.000000', 39, 11);
INSERT INTO `subscription` (`created_at`, `updated_at`, `topic_id`, `user_id`) VALUES ('2024-08-06 20:00:47.000000', '2024-02-24 10:41:37.000000', 39, 18);
INSERT INTO `subscription` (`created_at`, `updated_at`, `topic_id`, `user_id`) VALUES ('2024-04-29 15:28:41.000000', '2024-06-17 00:35:21.000000', 41, 13);
INSERT INTO `subscription` (`created_at`, `updated_at`, `topic_id`, `user_id`) VALUES ('2024-02-13 08:52:22.000000', '2024-11-14 09:58:01.000000', 41, 15);
INSERT INTO `subscription` (`created_at`, `updated_at`, `topic_id`, `user_id`) VALUES ('2024-01-20 12:07:14.000000', '2024-09-27 06:29:01.000000', 41, 19);
INSERT INTO `subscription` (`created_at`, `updated_at`, `topic_id`, `user_id`) VALUES ('2024-01-11 09:01:37.000000', '2024-08-01 18:30:59.000000', 42, 1);
INSERT INTO `subscription` (`created_at`, `updated_at`, `topic_id`, `user_id`) VALUES ('2024-11-15 23:30:25.000000', '2024-06-13 14:13:11.000000', 42, 6);
INSERT INTO `subscription` (`created_at`, `updated_at`, `topic_id`, `user_id`) VALUES ('2024-03-23 08:08:29.000000', '2024-10-02 19:59:12.000000', 42, 9);
INSERT INTO `subscription` (`created_at`, `updated_at`, `topic_id`, `user_id`) VALUES ('2024-03-12 09:57:38.000000', '2024-06-14 20:32:13.000000', 42, 10);
INSERT INTO `subscription` (`created_at`, `updated_at`, `topic_id`, `user_id`) VALUES ('2024-07-17 08:27:06.000000', '2024-11-19 10:27:15.000000', 43, 5);
INSERT INTO `subscription` (`created_at`, `updated_at`, `topic_id`, `user_id`) VALUES ('2024-02-29 15:40:05.000000', '2024-04-28 12:07:19.000000', 43, 9);
INSERT INTO `subscription` (`created_at`, `updated_at`, `topic_id`, `user_id`) VALUES ('2023-12-16 16:53:49.000000', '2024-06-19 00:16:45.000000', 44, 10);
INSERT INTO `subscription` (`created_at`, `updated_at`, `topic_id`, `user_id`) VALUES ('2024-08-20 07:50:35.000000', '2024-10-12 13:13:18.000000', 44, 11);
INSERT INTO `subscription` (`created_at`, `updated_at`, `topic_id`, `user_id`) VALUES ('2024-09-14 19:04:16.000000', '2024-01-30 19:26:59.000000', 44, 13);
INSERT INTO `subscription` (`created_at`, `updated_at`, `topic_id`, `user_id`) VALUES ('2024-08-29 02:32:37.000000', '2024-01-03 10:21:21.000000', 44, 18);
INSERT INTO `subscription` (`created_at`, `updated_at`, `topic_id`, `user_id`) VALUES ('2024-08-15 13:41:25.000000', '2024-09-07 20:59:05.000000', 45, 2);
INSERT INTO `subscription` (`created_at`, `updated_at`, `topic_id`, `user_id`) VALUES ('2024-09-26 04:43:52.000000', '2024-04-10 21:19:37.000000', 45, 7);
INSERT INTO `subscription` (`created_at`, `updated_at`, `topic_id`, `user_id`) VALUES ('2024-02-05 22:54:34.000000', '2024-01-28 10:09:44.000000', 46, 9);
INSERT INTO `subscription` (`created_at`, `updated_at`, `topic_id`, `user_id`) VALUES ('2024-06-10 19:16:53.000000', '2024-03-13 10:40:08.000000', 46, 10);
INSERT INTO `subscription` (`created_at`, `updated_at`, `topic_id`, `user_id`) VALUES ('2024-08-13 14:18:28.000000', '2024-07-30 00:40:07.000000', 47, 18);
INSERT INTO `subscription` (`created_at`, `updated_at`, `topic_id`, `user_id`) VALUES ('2024-05-19 12:57:43.000000', '2024-02-24 17:04:46.000000', 48, 3);
INSERT INTO `subscription` (`created_at`, `updated_at`, `topic_id`, `user_id`) VALUES ('2024-11-18 05:25:23.000000', '2024-07-13 02:12:47.000000', 48, 18);
INSERT INTO `subscription` (`created_at`, `updated_at`, `topic_id`, `user_id`) VALUES ('2024-06-17 16:24:54.000000', '2024-06-21 07:01:21.000000', 50, 4);

INSERT INTO `comment` (`id`, `content`, `created_at`, `updated_at`, `author_id`, `post_id`) VALUES (1, 'Rerum vitae veritatis sint rerum. Fugit cupiditate in hic. Sunt sequi est minus sit voluptatum ut architecto iste. Et officia dolorem et non veritatis veniam tempora.', '1976-10-06 00:00:00.000000', '1990-05-12 00:00:00.000000', 11, 24);
INSERT INTO `comment` (`id`, `content`, `created_at`, `updated_at`, `author_id`, `post_id`) VALUES (2, 'Et accusamus nobis assumenda unde nostrum qui. Nesciunt perspiciatis qui quam laudantium aut. Eaque qui doloribus placeat. Officiis tempora perferendis odio repudiandae.', '2018-12-08 00:00:00.000000', '2021-07-31 00:00:00.000000', 16, 83);
INSERT INTO `comment` (`id`, `content`, `created_at`, `updated_at`, `author_id`, `post_id`) VALUES (3, 'Consequatur et consequatur aut sunt fugiat quaerat et. Accusantium beatae sit voluptas quaerat adipisci vero. Cumque et officiis nesciunt.', '2011-09-15 00:00:00.000000', '2021-12-12 00:00:00.000000', 3, 83);
INSERT INTO `comment` (`id`, `content`, `created_at`, `updated_at`, `author_id`, `post_id`) VALUES (4, 'Qui vel accusamus sed perspiciatis dolor. Iste officia tenetur maiores perferendis et facere ex. Maiores laborum quas et quisquam et recusandae eius quidem.', '1993-03-28 00:00:00.000000', '1975-11-28 00:00:00.000000', 10, 12);
INSERT INTO `comment` (`id`, `content`, `created_at`, `updated_at`, `author_id`, `post_id`) VALUES (5, 'Ut rerum in officiis exercitationem aut ut nisi esse. Itaque natus optio voluptates nam dolor officiis.', '2024-11-02 00:00:00.000000', '2000-05-28 00:00:00.000000', 4, 40);
INSERT INTO `comment` (`id`, `content`, `created_at`, `updated_at`, `author_id`, `post_id`) VALUES (6, 'Nostrum quasi nostrum et sed culpa labore placeat. Sit esse voluptatem ut iusto. Ipsa eligendi molestiae voluptas.', '2011-11-10 00:00:00.000000', '2006-02-10 00:00:00.000000', 16, 48);
INSERT INTO `comment` (`id`, `content`, `created_at`, `updated_at`, `author_id`, `post_id`) VALUES (7, 'Nihil fuga vel voluptatibus. Temporibus aut est et et. Id illum quod doloremque quia quod. Non minima aspernatur nulla.', '1992-08-31 00:00:00.000000', '2002-11-23 00:00:00.000000', 14, 86);
INSERT INTO `comment` (`id`, `content`, `created_at`, `updated_at`, `author_id`, `post_id`) VALUES (8, 'Sequi similique quis necessitatibus sapiente et. Tempore quo commodi et dolore et.', '1982-03-02 00:00:00.000000', '1994-12-24 00:00:00.000000', 5, 68);
INSERT INTO `comment` (`id`, `content`, `created_at`, `updated_at`, `author_id`, `post_id`) VALUES (9, 'Magni amet sed ea consequatur. A inventore ullam expedita doloremque. Sed rerum quia ad dolores sed harum optio.', '1995-08-21 00:00:00.000000', '2002-11-19 00:00:00.000000', 19, 84);
INSERT INTO `comment` (`id`, `content`, `created_at`, `updated_at`, `author_id`, `post_id`) VALUES (10, 'Voluptatem quis totam eveniet. Illum est quasi consectetur pariatur necessitatibus consectetur. Fugit quisquam mollitia est inventore in id qui. Tempore aut est dignissimos sit incidunt magni.', '2022-07-27 00:00:00.000000', '2015-11-01 00:00:00.000000', 13, 38);
INSERT INTO `comment` (`id`, `content`, `created_at`, `updated_at`, `author_id`, `post_id`) VALUES (11, 'Expedita molestiae et nihil neque. Dolores in adipisci iure non reprehenderit nesciunt. Amet sint porro soluta ipsum et.', '2018-01-10 00:00:00.000000', '2007-12-10 00:00:00.000000', 13, 42);
INSERT INTO `comment` (`id`, `content`, `created_at`, `updated_at`, `author_id`, `post_id`) VALUES (12, 'Nihil sed placeat et facilis sapiente. Blanditiis excepturi ex molestiae ipsam accusantium aut in. In eveniet nisi vero et rerum laborum quia incidunt. Necessitatibus sit sapiente alias et.', '1988-01-20 00:00:00.000000', '2020-02-07 00:00:00.000000', 2, 27);
INSERT INTO `comment` (`id`, `content`, `created_at`, `updated_at`, `author_id`, `post_id`) VALUES (13, 'Dolore ipsam vero consequatur atque enim omnis quam. Tempore consectetur ipsam quas qui velit ut. Ut ut sit aut ut ut. Et dolorum eum quia error fuga neque omnis. Impedit qui nisi ut aliquam.', '1988-04-12 00:00:00.000000', '1970-04-09 00:00:00.000000', 12, 5);
INSERT INTO `comment` (`id`, `content`, `created_at`, `updated_at`, `author_id`, `post_id`) VALUES (14, 'Repellat nihil consequuntur autem nobis laborum facilis. Excepturi ratione quas doloribus. Ullam sint esse corrupti perspiciatis ut. Voluptatum recusandae occaecati et quis necessitatibus.', '2021-11-11 00:00:00.000000', '1974-07-06 00:00:00.000000', 8, 16);
INSERT INTO `comment` (`id`, `content`, `created_at`, `updated_at`, `author_id`, `post_id`) VALUES (15, 'Corrupti aliquid enim incidunt tenetur illum sint eaque dolorum. Non suscipit in ut ipsa. Dolorem et cum ex.', '2004-03-01 00:00:00.000000', '2023-01-09 00:00:00.000000', 7, 74);
INSERT INTO `comment` (`id`, `content`, `created_at`, `updated_at`, `author_id`, `post_id`) VALUES (16, 'Sint maxime unde hic qui. Sapiente et in eius dolorem. Ut occaecati dolorem omnis odio. Occaecati aspernatur et sit ipsam earum est eum. Dolore vitae illo quaerat rerum blanditiis.', '1990-03-06 00:00:00.000000', '2001-09-15 00:00:00.000000', 3, 61);
INSERT INTO `comment` (`id`, `content`, `created_at`, `updated_at`, `author_id`, `post_id`) VALUES (17, 'Repellendus sed aut non et molestias porro at. Sunt in consequatur dignissimos sed id unde et. Eius dolorum maxime ut atque dolores repudiandae recusandae.', '1979-09-11 00:00:00.000000', '1992-07-21 00:00:00.000000', 19, 63);
INSERT INTO `comment` (`id`, `content`, `created_at`, `updated_at`, `author_id`, `post_id`) VALUES (18, 'Ut dolorum voluptatem aliquid optio et odit. Est fuga quo odio mollitia. Eos officia quas laboriosam officia omnis amet facere qui.', '1978-09-22 00:00:00.000000', '1973-03-16 00:00:00.000000', 9, 41);
INSERT INTO `comment` (`id`, `content`, `created_at`, `updated_at`, `author_id`, `post_id`) VALUES (19, 'Est et ipsa et inventore neque quod autem cumque. Voluptatum quia autem eos aut quasi voluptate voluptates culpa. Fuga nesciunt nam sunt tenetur quia ut et.', '2010-10-02 00:00:00.000000', '1981-04-18 00:00:00.000000', 12, 53);
INSERT INTO `comment` (`id`, `content`, `created_at`, `updated_at`, `author_id`, `post_id`) VALUES (20, 'Veniam ex doloremque consequuntur culpa enim. Nesciunt ut dolorum eius repellat dolorem quaerat earum. Cumque vel reprehenderit quo animi rem ut iste.', '1985-11-24 00:00:00.000000', '2019-05-03 00:00:00.000000', 14, 15);
INSERT INTO `comment` (`id`, `content`, `created_at`, `updated_at`, `author_id`, `post_id`) VALUES (21, 'Sunt rerum blanditiis ipsam eveniet perferendis veniam. Itaque pariatur cum placeat alias velit sit officiis. Voluptate est est voluptatem odit aut et. Earum voluptate non iste.', '2006-12-25 00:00:00.000000', '1992-06-26 00:00:00.000000', 12, 15);
INSERT INTO `comment` (`id`, `content`, `created_at`, `updated_at`, `author_id`, `post_id`) VALUES (22, 'Non laudantium est minima est laudantium natus tenetur. Totam esse excepturi cum repellendus voluptatem totam. Velit facilis veritatis ad qui dolores.', '1993-06-28 00:00:00.000000', '1984-09-16 00:00:00.000000', 2, 55);
INSERT INTO `comment` (`id`, `content`, `created_at`, `updated_at`, `author_id`, `post_id`) VALUES (23, 'Adipisci ut neque optio qui tempora. Magni iusto qui sapiente et. Rerum minima a fugiat et consequatur dolorem. Voluptatibus corporis in commodi qui ab qui qui.', '2020-04-21 00:00:00.000000', '1994-03-28 00:00:00.000000', 2, 95);
INSERT INTO `comment` (`id`, `content`, `created_at`, `updated_at`, `author_id`, `post_id`) VALUES (24, 'Ratione non qui et non. Molestiae molestiae magnam perspiciatis accusantium minus reprehenderit qui. Inventore in possimus qui repudiandae sed perferendis eligendi.', '2016-12-14 00:00:00.000000', '2010-10-03 00:00:00.000000', 9, 26);
INSERT INTO `comment` (`id`, `content`, `created_at`, `updated_at`, `author_id`, `post_id`) VALUES (25, 'Occaecati molestias iste et aut repellendus et. Eos omnis vero veritatis iure unde minus modi. Omnis sed rerum amet sit qui.', '1980-02-07 00:00:00.000000', '2002-09-12 00:00:00.000000', 16, 69);
INSERT INTO `comment` (`id`, `content`, `created_at`, `updated_at`, `author_id`, `post_id`) VALUES (26, 'Ullam impedit sint error non. Dolorum consequatur fugiat dolorem laborum. Excepturi doloribus fuga in dolores.', '1992-07-31 00:00:00.000000', '1987-12-14 00:00:00.000000', 14, 38);
INSERT INTO `comment` (`id`, `content`, `created_at`, `updated_at`, `author_id`, `post_id`) VALUES (27, 'Dignissimos et sint qui aut. Dolor autem officia dolores soluta sit pariatur laudantium excepturi. Non iure deserunt modi qui qui tempora sed.', '2014-11-05 00:00:00.000000', '1972-06-13 00:00:00.000000', 12, 17);
INSERT INTO `comment` (`id`, `content`, `created_at`, `updated_at`, `author_id`, `post_id`) VALUES (28, 'Voluptates eveniet nihil sit quidem corrupti sint distinctio enim. Porro necessitatibus voluptas eaque cumque quod dignissimos iusto.', '2013-01-08 00:00:00.000000', '2023-03-09 00:00:00.000000', 18, 81);
INSERT INTO `comment` (`id`, `content`, `created_at`, `updated_at`, `author_id`, `post_id`) VALUES (29, 'Nesciunt iste aut et dolorem veritatis provident temporibus. Exercitationem temporibus labore aut rerum veritatis est laudantium similique. Sapiente et cupiditate et esse nisi.', '1998-02-01 00:00:00.000000', '1985-04-01 00:00:00.000000', 10, 64);
INSERT INTO `comment` (`id`, `content`, `created_at`, `updated_at`, `author_id`, `post_id`) VALUES (30, 'Blanditiis voluptatibus tempore libero necessitatibus doloremque. Nisi quam officiis temporibus. Veniam eveniet libero et rerum quis qui aspernatur.', '1970-11-28 00:00:00.000000', '1983-07-18 00:00:00.000000', 3, 5);
INSERT INTO `comment` (`id`, `content`, `created_at`, `updated_at`, `author_id`, `post_id`) VALUES (31, 'Similique dolores voluptatum facere praesentium qui et consequatur. Id aspernatur provident enim eius. Necessitatibus nulla vel quo ut iusto. Aut est qui aperiam id. Quis qui accusantium qui.', '1983-03-11 00:00:00.000000', '1980-11-09 00:00:00.000000', 17, 39);
INSERT INTO `comment` (`id`, `content`, `created_at`, `updated_at`, `author_id`, `post_id`) VALUES (32, 'Illum et nihil ratione id eligendi. Accusamus deserunt quos est quae. Rem sed iste accusantium vel et praesentium voluptatibus. Vitae molestias eum rerum non unde dicta.', '1992-07-22 00:00:00.000000', '2001-08-10 00:00:00.000000', 20, 28);
INSERT INTO `comment` (`id`, `content`, `created_at`, `updated_at`, `author_id`, `post_id`) VALUES (33, 'Facilis quam ratione dolorem suscipit quis a nesciunt. Adipisci illum distinctio nostrum.', '2018-07-22 00:00:00.000000', '1980-08-14 00:00:00.000000', 15, 28);
INSERT INTO `comment` (`id`, `content`, `created_at`, `updated_at`, `author_id`, `post_id`) VALUES (34, 'Cumque rerum quibusdam tempore sequi voluptatibus. Omnis laboriosam pariatur qui. Nobis aut dolorem ut est est beatae debitis iure.', '1973-07-18 00:00:00.000000', '1974-01-12 00:00:00.000000', 13, 63);
INSERT INTO `comment` (`id`, `content`, `created_at`, `updated_at`, `author_id`, `post_id`) VALUES (35, 'Beatae in blanditiis repellat. Et est qui mollitia nihil esse quaerat.\nDolorem non esse laudantium velit accusamus. Reprehenderit dignissimos quo et corporis. Omnis et et sit nemo deleniti qui.', '2009-04-01 00:00:00.000000', '1986-05-08 00:00:00.000000', 12, 10);
INSERT INTO `comment` (`id`, `content`, `created_at`, `updated_at`, `author_id`, `post_id`) VALUES (36, 'Optio veritatis minus ut qui doloremque. Error natus dolor distinctio fuga facere eveniet. Quaerat consectetur ducimus blanditiis modi rerum.', '1979-12-15 00:00:00.000000', '2002-09-05 00:00:00.000000', 7, 79);
INSERT INTO `comment` (`id`, `content`, `created_at`, `updated_at`, `author_id`, `post_id`) VALUES (37, 'Dolore enim saepe dignissimos alias enim. Et autem consequatur tempora blanditiis quia quisquam. Voluptatum id itaque blanditiis praesentium consectetur et non ut. Rerum occaecati et non repellendus.', '2006-04-24 00:00:00.000000', '2013-06-21 00:00:00.000000', 5, 34);
INSERT INTO `comment` (`id`, `content`, `created_at`, `updated_at`, `author_id`, `post_id`) VALUES (38, 'Sed et maiores atque magnam id saepe. Dolorem aliquam unde dolore. Aut illum molestias ab dicta amet.', '2016-07-06 00:00:00.000000', '1985-03-04 00:00:00.000000', 4, 46);
INSERT INTO `comment` (`id`, `content`, `created_at`, `updated_at`, `author_id`, `post_id`) VALUES (39, 'Dolor tempora nostrum earum doloremque. Quas autem reiciendis at commodi reprehenderit. Veniam ea sint hic beatae laborum deleniti. Explicabo dolores ipsa modi maiores repudiandae qui soluta.', '1974-12-29 00:00:00.000000', '2006-02-27 00:00:00.000000', 20, 3);
INSERT INTO `comment` (`id`, `content`, `created_at`, `updated_at`, `author_id`, `post_id`) VALUES (40, 'Corporis exercitationem quo inventore quaerat. Velit laudantium accusamus est tempora tempore. Quo ab sit dolorum mollitia dicta excepturi.', '2006-02-16 00:00:00.000000', '1985-11-28 00:00:00.000000', 10, 81);
INSERT INTO `comment` (`id`, `content`, `created_at`, `updated_at`, `author_id`, `post_id`) VALUES (41, 'Aut nam repellendus rem omnis fugit error necessitatibus. Ad ipsam dicta enim. Temporibus rerum culpa quam quo quod provident ad fuga.', '1977-02-07 00:00:00.000000', '2022-09-29 00:00:00.000000', 2, 20);
INSERT INTO `comment` (`id`, `content`, `created_at`, `updated_at`, `author_id`, `post_id`) VALUES (42, 'Eligendi vero enim aut occaecati libero quia voluptatem. Sit quod veniam possimus officiis et. Iure veritatis id autem cumque sint.', '1990-04-13 00:00:00.000000', '1987-11-29 00:00:00.000000', 15, 96);
INSERT INTO `comment` (`id`, `content`, `created_at`, `updated_at`, `author_id`, `post_id`) VALUES (43, 'Qui odio rem omnis sunt eaque aspernatur blanditiis. Error eius sit dolore est. Voluptas iste qui tempora mollitia rerum totam. Perspiciatis dignissimos reprehenderit deleniti enim porro.', '1991-08-31 00:00:00.000000', '1992-06-26 00:00:00.000000', 13, 15);
INSERT INTO `comment` (`id`, `content`, `created_at`, `updated_at`, `author_id`, `post_id`) VALUES (44, 'Fugit debitis ea fugit nesciunt. Aperiam quaerat et officia dolores esse est quas. Voluptatibus iure dolorum praesentium esse doloremque molestias vel laborum. Animi blanditiis sed nemo aut.', '1980-04-01 00:00:00.000000', '2009-10-08 00:00:00.000000', 19, 95);
INSERT INTO `comment` (`id`, `content`, `created_at`, `updated_at`, `author_id`, `post_id`) VALUES (45, 'Laborum sunt blanditiis ut molestiae ea exercitationem rerum. Vero magnam quia minus laboriosam. Error sit odit sit est consectetur ut et. Incidunt et optio recusandae unde.', '1976-01-18 00:00:00.000000', '1999-10-26 00:00:00.000000', 8, 79);
INSERT INTO `comment` (`id`, `content`, `created_at`, `updated_at`, `author_id`, `post_id`) VALUES (46, 'Molestiae placeat eos aut quia. Sint qui aperiam natus perspiciatis. Debitis voluptate dolore non vero aut blanditiis dolor.', '1991-10-11 00:00:00.000000', '2018-04-08 00:00:00.000000', 1, 29);
INSERT INTO `comment` (`id`, `content`, `created_at`, `updated_at`, `author_id`, `post_id`) VALUES (47, 'Autem eligendi eius et qui rerum quis ea dolorem. Deserunt et ipsum est asperiores est autem eos. Fugiat ut unde autem dolores corporis.', '1995-09-18 00:00:00.000000', '1988-01-03 00:00:00.000000', 1, 42);
INSERT INTO `comment` (`id`, `content`, `created_at`, `updated_at`, `author_id`, `post_id`) VALUES (48, 'Asperiores non rerum nihil alias dicta. Facere consequuntur sed neque impedit enim. Praesentium iste soluta recusandae qui eaque alias officia.\nEx id iure blanditiis sit enim. Non dolor ut nobis.', '2014-01-26 00:00:00.000000', '1979-01-08 00:00:00.000000', 14, 9);
INSERT INTO `comment` (`id`, `content`, `created_at`, `updated_at`, `author_id`, `post_id`) VALUES (49, 'Aut eum est ipsam quibusdam vero. Dicta voluptatem beatae aperiam et labore exercitationem expedita alias.', '1990-10-10 00:00:00.000000', '2009-08-01 00:00:00.000000', 20, 50);
INSERT INTO `comment` (`id`, `content`, `created_at`, `updated_at`, `author_id`, `post_id`) VALUES (50, 'Labore praesentium rerum ut. Recusandae aut cum quos consequatur repellat libero. Id nihil dolorem et. Non qui nulla modi laudantium voluptatum cum.', '1991-04-05 00:00:00.000000', '1987-06-01 00:00:00.000000', 15, 42);
INSERT INTO `comment` (`id`, `content`, `created_at`, `updated_at`, `author_id`, `post_id`) VALUES (51, 'Et delectus aperiam hic repellendus nobis. Aut blanditiis quia odio ab. Aliquam neque occaecati ut a doloribus fugit.', '2017-08-22 00:00:00.000000', '1979-11-27 00:00:00.000000', 15, 4);
INSERT INTO `comment` (`id`, `content`, `created_at`, `updated_at`, `author_id`, `post_id`) VALUES (52, 'Error cupiditate rem voluptas harum. Quas quaerat architecto deleniti earum sunt. Placeat dolores illo rerum ut.', '2003-12-10 00:00:00.000000', '1996-11-24 00:00:00.000000', 20, 25);
INSERT INTO `comment` (`id`, `content`, `created_at`, `updated_at`, `author_id`, `post_id`) VALUES (53, 'Rerum et rerum explicabo quia ea non voluptate temporibus. Odio voluptatem ut debitis itaque qui. Quae omnis tempora et nobis id.', '1982-06-12 00:00:00.000000', '2013-08-03 00:00:00.000000', 14, 16);
INSERT INTO `comment` (`id`, `content`, `created_at`, `updated_at`, `author_id`, `post_id`) VALUES (54, 'Alias neque aliquam voluptatum alias esse. Dolorum quidem veniam excepturi dolore distinctio delectus ut nesciunt. Eum exercitationem sapiente cupiditate rerum in in officia.', '1984-03-22 00:00:00.000000', '1990-07-20 00:00:00.000000', 1, 37);
INSERT INTO `comment` (`id`, `content`, `created_at`, `updated_at`, `author_id`, `post_id`) VALUES (55, 'Officiis id maxime et ex neque et aut aperiam. Qui minima aspernatur autem nihil delectus dolores id.', '1978-08-22 00:00:00.000000', '1984-05-15 00:00:00.000000', 18, 24);
INSERT INTO `comment` (`id`, `content`, `created_at`, `updated_at`, `author_id`, `post_id`) VALUES (56, 'Itaque sequi quidem fugiat dolores quam aut molestiae. Labore dolorem quod maxime quo natus. Et et veniam vel necessitatibus. Natus sapiente laudantium quas ut qui ullam.', '2002-07-28 00:00:00.000000', '2020-04-16 00:00:00.000000', 20, 80);
INSERT INTO `comment` (`id`, `content`, `created_at`, `updated_at`, `author_id`, `post_id`) VALUES (57, 'Sit molestiae aliquid labore ut illo blanditiis. Sit ab beatae aut id eveniet. Facilis voluptatem corrupti omnis aut quos. Eaque magni et sit incidunt.', '2020-12-25 00:00:00.000000', '1998-06-10 00:00:00.000000', 2, 58);
INSERT INTO `comment` (`id`, `content`, `created_at`, `updated_at`, `author_id`, `post_id`) VALUES (58, 'At quaerat aliquid amet quae deleniti necessitatibus. Est maxime ut voluptas dolorem nisi eos ducimus quo. Pariatur atque repellendus ab molestias nihil.', '2001-04-03 00:00:00.000000', '1982-02-22 00:00:00.000000', 18, 49);
INSERT INTO `comment` (`id`, `content`, `created_at`, `updated_at`, `author_id`, `post_id`) VALUES (59, 'Aut iste enim corporis ullam neque. Quis dicta vero illum consectetur. Et illum sed dicta non sint. Cum ut quae earum maiores facilis sequi sit.', '1984-05-26 00:00:00.000000', '1973-01-15 00:00:00.000000', 7, 71);
INSERT INTO `comment` (`id`, `content`, `created_at`, `updated_at`, `author_id`, `post_id`) VALUES (60, 'Velit velit similique suscipit minima voluptas est recusandae blanditiis. Necessitatibus omnis quis sed veniam occaecati sit ducimus culpa.', '2001-06-13 00:00:00.000000', '2016-05-19 00:00:00.000000', 7, 72);
INSERT INTO `comment` (`id`, `content`, `created_at`, `updated_at`, `author_id`, `post_id`) VALUES (61, 'Dolorum quam inventore ullam alias quia numquam molestias. In ad soluta amet. Ut dicta minus ducimus voluptas. Quod rerum error nesciunt sapiente distinctio numquam voluptatum.', '2024-03-30 00:00:00.000000', '2021-03-04 00:00:00.000000', 17, 48);
INSERT INTO `comment` (`id`, `content`, `created_at`, `updated_at`, `author_id`, `post_id`) VALUES (62, 'Quaerat necessitatibus quam maiores occaecati autem. Eos ut et esse dolor ea dolorum odit. Consequatur minus dolores fugiat provident ut aut harum.', '2006-07-27 00:00:00.000000', '1997-03-04 00:00:00.000000', 8, 84);
INSERT INTO `comment` (`id`, `content`, `created_at`, `updated_at`, `author_id`, `post_id`) VALUES (63, 'Facere cupiditate cumque aut magni. Cumque neque sunt cumque quaerat. Ullam est similique aut qui neque. Eum error similique error modi sit tempore asperiores saepe.', '2011-02-01 00:00:00.000000', '2024-05-14 00:00:00.000000', 17, 84);
INSERT INTO `comment` (`id`, `content`, `created_at`, `updated_at`, `author_id`, `post_id`) VALUES (64, 'Et ipsum ut commodi dolor nisi. Hic consequatur quisquam facere consequatur. Non sed eligendi dolor est odit et quidem consequatur. Quae nisi porro numquam.', '1989-02-05 00:00:00.000000', '1996-11-21 00:00:00.000000', 1, 18);
INSERT INTO `comment` (`id`, `content`, `created_at`, `updated_at`, `author_id`, `post_id`) VALUES (65, 'Beatae modi ut vel sed molestiae consequatur. Eligendi accusamus id neque nesciunt rerum facere. Nemo amet dolor similique. Sed nobis et maiores veritatis harum.', '2007-03-10 00:00:00.000000', '1994-06-09 00:00:00.000000', 20, 46);
INSERT INTO `comment` (`id`, `content`, `created_at`, `updated_at`, `author_id`, `post_id`) VALUES (66, 'Animi sit dicta praesentium veniam placeat. Asperiores dignissimos reiciendis magni hic quo. Unde fugit reprehenderit delectus non et nisi dignissimos nulla. Cumque similique error dicta.', '2007-12-17 00:00:00.000000', '1972-06-11 00:00:00.000000', 1, 50);
INSERT INTO `comment` (`id`, `content`, `created_at`, `updated_at`, `author_id`, `post_id`) VALUES (67, 'Consequatur ut rerum consequatur molestias eum dolores vel. Unde est dolore incidunt iusto aut tempore. Nemo impedit beatae dolorem iure omnis quia dolores. Odit qui quasi quae aut omnis.', '2009-06-16 00:00:00.000000', '1973-05-04 00:00:00.000000', 16, 21);
INSERT INTO `comment` (`id`, `content`, `created_at`, `updated_at`, `author_id`, `post_id`) VALUES (68, 'Omnis est labore dignissimos qui aliquam non porro. Quaerat quibusdam cupiditate enim. Molestiae fugiat recusandae voluptatem consequuntur natus. Pariatur eligendi nam quam tempora nemo.', '2023-03-16 00:00:00.000000', '2001-07-07 00:00:00.000000', 3, 51);
INSERT INTO `comment` (`id`, `content`, `created_at`, `updated_at`, `author_id`, `post_id`) VALUES (69, 'Id tempora debitis ut et. Laudantium quidem enim et optio. Odit expedita ut repellendus.', '2022-03-19 00:00:00.000000', '1995-06-24 00:00:00.000000', 12, 28);
INSERT INTO `comment` (`id`, `content`, `created_at`, `updated_at`, `author_id`, `post_id`) VALUES (70, 'Eius nobis debitis ea nam molestiae saepe voluptatem. Fugiat quasi sit a culpa non sint quos iure. Laudantium sit incidunt et. Inventore et deleniti ex in accusantium.', '2022-06-02 00:00:00.000000', '1974-08-12 00:00:00.000000', 20, 94);
INSERT INTO `comment` (`id`, `content`, `created_at`, `updated_at`, `author_id`, `post_id`) VALUES (71, 'Doloribus accusantium aperiam alias earum culpa sunt maiores ex. Qui quia pariatur quis maiores in in. Qui quia exercitationem est aliquam.', '1974-03-28 00:00:00.000000', '2013-08-09 00:00:00.000000', 13, 47);
INSERT INTO `comment` (`id`, `content`, `created_at`, `updated_at`, `author_id`, `post_id`) VALUES (72, 'Accusamus non voluptatum et maiores molestiae. Ut ut omnis voluptates ipsum earum iure sed. Occaecati ea quod consequuntur porro. Sit voluptatem aliquam dolor ut ea.', '2019-12-25 00:00:00.000000', '1988-10-25 00:00:00.000000', 11, 95);
INSERT INTO `comment` (`id`, `content`, `created_at`, `updated_at`, `author_id`, `post_id`) VALUES (73, 'Est fugiat voluptatem dolorum odit aliquid. Est porro voluptas fugit dolores. Quisquam impedit et autem qui nisi iure.', '1994-03-30 00:00:00.000000', '2005-08-30 00:00:00.000000', 7, 31);
INSERT INTO `comment` (`id`, `content`, `created_at`, `updated_at`, `author_id`, `post_id`) VALUES (74, 'Unde quia molestiae vel et in. Voluptatem saepe est neque placeat consectetur assumenda recusandae. Distinctio est qui rem fugit.', '1989-03-29 00:00:00.000000', '1984-03-19 00:00:00.000000', 14, 2);
INSERT INTO `comment` (`id`, `content`, `created_at`, `updated_at`, `author_id`, `post_id`) VALUES (75, 'Maiores voluptates vitae nostrum debitis nihil eius impedit. Molestiae magnam soluta qui explicabo. Possimus exercitationem minima alias neque voluptas.', '2024-08-13 00:00:00.000000', '1976-09-22 00:00:00.000000', 17, 48);
INSERT INTO `comment` (`id`, `content`, `created_at`, `updated_at`, `author_id`, `post_id`) VALUES (76, 'Dolore ea dolor delectus rerum. In veniam impedit est molestiae aut. Quasi praesentium possimus error esse quae ut quibusdam.', '2013-06-19 00:00:00.000000', '2018-04-18 00:00:00.000000', 18, 41);
INSERT INTO `comment` (`id`, `content`, `created_at`, `updated_at`, `author_id`, `post_id`) VALUES (77, 'Delectus dolorum porro sed autem ipsam rerum. Enim vel natus minus aperiam ducimus.\nConsequatur sit rerum aut hic sapiente rerum. Repellat natus voluptates et. Et quod ex tempora non qui.', '2009-04-16 00:00:00.000000', '1981-03-09 00:00:00.000000', 9, 50);
INSERT INTO `comment` (`id`, `content`, `created_at`, `updated_at`, `author_id`, `post_id`) VALUES (78, 'Odit ipsa animi dignissimos aliquid reiciendis inventore rerum. Possimus quis fuga nam ea dolores. Necessitatibus omnis deserunt dolores earum animi molestias.', '2007-09-24 00:00:00.000000', '2007-04-28 00:00:00.000000', 9, 76);
INSERT INTO `comment` (`id`, `content`, `created_at`, `updated_at`, `author_id`, `post_id`) VALUES (79, 'Voluptatibus sunt eligendi aut qui quae. Porro vel sit cupiditate velit autem itaque. Autem reprehenderit ducimus maiores.', '1977-03-27 00:00:00.000000', '1989-03-14 00:00:00.000000', 20, 30);
INSERT INTO `comment` (`id`, `content`, `created_at`, `updated_at`, `author_id`, `post_id`) VALUES (80, 'Reprehenderit magnam neque cumque. Sequi magni consequatur id aut. Aut est et occaecati reprehenderit suscipit. Corrupti corrupti occaecati dicta inventore dolorum non.', '2014-02-11 00:00:00.000000', '2014-01-05 00:00:00.000000', 8, 29);
INSERT INTO `comment` (`id`, `content`, `created_at`, `updated_at`, `author_id`, `post_id`) VALUES (81, 'Laborum ipsa aperiam nam enim. Aut ducimus dolorem consequuntur sit dolorem quo neque.', '1971-03-16 00:00:00.000000', '2000-02-01 00:00:00.000000', 7, 7);
INSERT INTO `comment` (`id`, `content`, `created_at`, `updated_at`, `author_id`, `post_id`) VALUES (82, 'Nisi consequatur sit dicta vero et quia soluta. Sit vitae dolores natus sint ad aut laborum iure. Laborum sint est omnis nostrum et.', '2006-12-11 00:00:00.000000', '1975-07-26 00:00:00.000000', 6, 60);
INSERT INTO `comment` (`id`, `content`, `created_at`, `updated_at`, `author_id`, `post_id`) VALUES (83, 'Impedit iste eius dolores sunt quia. Consequatur suscipit quia sunt velit ullam. Aperiam possimus dolor culpa omnis dolores. Aut libero eligendi nisi velit doloremque et a soluta.', '2008-11-04 00:00:00.000000', '2021-11-10 00:00:00.000000', 16, 8);
INSERT INTO `comment` (`id`, `content`, `created_at`, `updated_at`, `author_id`, `post_id`) VALUES (84, 'Accusantium ipsam ipsa quam voluptatibus. Cumque ut optio qui sit repudiandae commodi aliquam. Modi tempora esse consequatur perspiciatis incidunt excepturi quo. Itaque sed minima voluptatum minus.', '1993-07-09 00:00:00.000000', '1975-10-08 00:00:00.000000', 15, 39);
INSERT INTO `comment` (`id`, `content`, `created_at`, `updated_at`, `author_id`, `post_id`) VALUES (85, 'Nobis quam debitis quia porro qui. Rerum corrupti ducimus voluptatibus voluptates delectus. Perferendis consequuntur et qui placeat explicabo.', '2016-07-06 00:00:00.000000', '2010-02-26 00:00:00.000000', 16, 85);
INSERT INTO `comment` (`id`, `content`, `created_at`, `updated_at`, `author_id`, `post_id`) VALUES (86, 'Omnis dolorem debitis nemo enim. At aperiam adipisci recusandae similique. Veniam aut ipsam dolorem exercitationem blanditiis natus porro adipisci. Voluptates deserunt est eius cupiditate.', '2005-05-15 00:00:00.000000', '1989-11-02 00:00:00.000000', 6, 94);
INSERT INTO `comment` (`id`, `content`, `created_at`, `updated_at`, `author_id`, `post_id`) VALUES (87, 'Voluptatum dicta quaerat commodi sit. Autem quod et officia consectetur. Nulla quod natus et aut et. Dolores at dicta autem autem omnis molestiae adipisci.', '2001-06-27 00:00:00.000000', '2000-02-07 00:00:00.000000', 13, 20);
INSERT INTO `comment` (`id`, `content`, `created_at`, `updated_at`, `author_id`, `post_id`) VALUES (88, 'Molestias ut eligendi quam dolorum delectus nulla. Cum tempore voluptates dolorem soluta possimus facere. Consequuntur corrupti provident nam. Illo ea sunt maiores doloribus autem rerum rerum.', '1985-11-02 00:00:00.000000', '1991-04-12 00:00:00.000000', 3, 51);
INSERT INTO `comment` (`id`, `content`, `created_at`, `updated_at`, `author_id`, `post_id`) VALUES (89, 'Deleniti perspiciatis voluptas dolorem sed. Veritatis culpa maiores quis iure. Animi unde suscipit itaque amet earum minus ut.', '1989-07-19 00:00:00.000000', '2016-12-17 00:00:00.000000', 17, 32);
INSERT INTO `comment` (`id`, `content`, `created_at`, `updated_at`, `author_id`, `post_id`) VALUES (90, 'Assumenda consequatur qui aut. Commodi itaque odit ratione necessitatibus excepturi. Inventore excepturi qui et consequatur.', '2001-03-08 00:00:00.000000', '1994-11-12 00:00:00.000000', 17, 24);
INSERT INTO `comment` (`id`, `content`, `created_at`, `updated_at`, `author_id`, `post_id`) VALUES (91, 'Nisi odio natus et aut omnis. Et repellat est non quam tenetur soluta. Atque voluptatem dolorem blanditiis officiis laborum. Reprehenderit eveniet et dolore et dolorum consequatur.', '1970-04-18 00:00:00.000000', '1979-06-10 00:00:00.000000', 12, 12);
INSERT INTO `comment` (`id`, `content`, `created_at`, `updated_at`, `author_id`, `post_id`) VALUES (92, 'Exercitationem optio nulla voluptate et molestiae sed aut. Sint aut natus laboriosam alias eveniet.', '2005-10-13 00:00:00.000000', '1985-06-12 00:00:00.000000', 13, 93);
INSERT INTO `comment` (`id`, `content`, `created_at`, `updated_at`, `author_id`, `post_id`) VALUES (93, 'Sit velit eos voluptatibus sunt rerum molestiae et. Rerum praesentium ut omnis ut. Corrupti ut doloribus autem voluptates.', '1978-10-27 00:00:00.000000', '2024-09-04 00:00:00.000000', 13, 10);
INSERT INTO `comment` (`id`, `content`, `created_at`, `updated_at`, `author_id`, `post_id`) VALUES (94, 'Omnis quibusdam ad quidem voluptatem veritatis dolorum. Temporibus ipsam architecto ex perferendis. Eum quo qui facilis magni. Nisi alias odio officiis omnis veritatis soluta.', '2005-10-28 00:00:00.000000', '2016-05-28 00:00:00.000000', 6, 86);
INSERT INTO `comment` (`id`, `content`, `created_at`, `updated_at`, `author_id`, `post_id`) VALUES (95, 'Et sapiente et odit omnis. Iusto qui modi omnis occaecati. Consequatur ut ut consequatur corrupti quia repellat accusamus. Aut possimus odit laudantium cupiditate adipisci explicabo.', '2013-06-19 00:00:00.000000', '2004-12-12 00:00:00.000000', 1, 37);
INSERT INTO `comment` (`id`, `content`, `created_at`, `updated_at`, `author_id`, `post_id`) VALUES (96, 'Harum illum pariatur consequatur similique. Sequi sit et iste veniam. Ut eveniet delectus beatae rerum.', '1989-03-22 00:00:00.000000', '1996-01-08 00:00:00.000000', 7, 96);
INSERT INTO `comment` (`id`, `content`, `created_at`, `updated_at`, `author_id`, `post_id`) VALUES (97, 'Et delectus iure consequatur et sed. Eius aspernatur magnam hic laboriosam laboriosam. Recusandae autem minima illum sed ut vel. Impedit quia est dolor.', '1971-12-05 00:00:00.000000', '1986-05-12 00:00:00.000000', 14, 17);
INSERT INTO `comment` (`id`, `content`, `created_at`, `updated_at`, `author_id`, `post_id`) VALUES (98, 'Reiciendis dolore est animi ut in voluptatem deserunt. Quia inventore adipisci sequi ut. Molestias vitae aspernatur quibusdam quibusdam occaecati.', '2017-05-31 00:00:00.000000', '2012-03-04 00:00:00.000000', 4, 31);
INSERT INTO `comment` (`id`, `content`, `created_at`, `updated_at`, `author_id`, `post_id`) VALUES (99, 'Ut odio quis et voluptatum. Quia amet ullam doloribus incidunt libero a fugit. Totam voluptatem nisi provident neque doloribus. Alias ut illo vitae dolorum quis.', '1982-02-08 00:00:00.000000', '2020-02-26 00:00:00.000000', 13, 64);
INSERT INTO `comment` (`id`, `content`, `created_at`, `updated_at`, `author_id`, `post_id`) VALUES (100, 'Laborum dolor aut quidem qui aspernatur fuga. Explicabo et excepturi magnam veniam modi tempore. Quod ut qui et ratione quae sunt.', '2004-07-10 00:00:00.000000', '1996-08-08 00:00:00.000000', 4, 58);
INSERT INTO `comment` (`id`, `content`, `created_at`, `updated_at`, `author_id`, `post_id`) VALUES (101, 'Voluptas est quam culpa explicabo dolor repellendus mollitia. Voluptas similique commodi iusto voluptates ut porro. Modi est omnis aut et. Mollitia est cumque harum quo perferendis.', '1997-06-21 00:00:00.000000', '2003-01-27 00:00:00.000000', 14, 21);
INSERT INTO `comment` (`id`, `content`, `created_at`, `updated_at`, `author_id`, `post_id`) VALUES (102, 'Aut vel aut ut ducimus tenetur voluptatem ut. Blanditiis ab facere et consequuntur itaque. Rerum et voluptatem dolorem qui ut qui eum sapiente.', '2008-01-16 00:00:00.000000', '2012-01-28 00:00:00.000000', 14, 42);
INSERT INTO `comment` (`id`, `content`, `created_at`, `updated_at`, `author_id`, `post_id`) VALUES (103, 'Laboriosam ab perferendis beatae laborum consequuntur fugiat animi. Hic rem eligendi et ex recusandae voluptas. Quas rem explicabo sunt.', '1971-08-16 00:00:00.000000', '1999-02-26 00:00:00.000000', 5, 88);
INSERT INTO `comment` (`id`, `content`, `created_at`, `updated_at`, `author_id`, `post_id`) VALUES (104, 'Voluptatem nulla dolore voluptatem autem. Et molestiae assumenda qui nesciunt qui excepturi et tempore. Eos eum nobis at placeat dicta. Nisi nobis debitis molestiae sint dolorem.', '2002-04-29 00:00:00.000000', '1977-09-09 00:00:00.000000', 6, 38);
INSERT INTO `comment` (`id`, `content`, `created_at`, `updated_at`, `author_id`, `post_id`) VALUES (105, 'Quam nobis fugit fugiat et quisquam. Suscipit exercitationem in rerum nihil magnam veritatis. Tempora neque et dolore suscipit assumenda neque.', '2009-09-13 00:00:00.000000', '2001-05-26 00:00:00.000000', 15, 99);
INSERT INTO `comment` (`id`, `content`, `created_at`, `updated_at`, `author_id`, `post_id`) VALUES (106, 'Voluptates et ad ut consequuntur sed iusto qui. Tenetur hic quibusdam odio temporibus. Deleniti consequatur repellat ut similique aut. Nobis dolorum sit non qui sapiente.', '1998-02-02 00:00:00.000000', '1996-04-27 00:00:00.000000', 16, 11);
INSERT INTO `comment` (`id`, `content`, `created_at`, `updated_at`, `author_id`, `post_id`) VALUES (107, 'Aut omnis aut rem ab assumenda. Sequi qui perspiciatis autem pariatur enim sed exercitationem minus. Ex dolor ducimus excepturi assumenda et voluptatibus.', '1985-05-02 00:00:00.000000', '2002-06-18 00:00:00.000000', 11, 3);
INSERT INTO `comment` (`id`, `content`, `created_at`, `updated_at`, `author_id`, `post_id`) VALUES (108, 'Ut ea odio cupiditate et tenetur. Est sit autem quo repellat. Debitis dolores perferendis libero rem repellat.', '1999-08-01 00:00:00.000000', '2003-06-15 00:00:00.000000', 4, 57);
INSERT INTO `comment` (`id`, `content`, `created_at`, `updated_at`, `author_id`, `post_id`) VALUES (109, 'Qui eum rerum optio illo. Velit quam est quia. Eveniet est temporibus in ab aut est. Numquam voluptatibus rem nobis quia officiis beatae.', '2004-05-14 00:00:00.000000', '2000-08-19 00:00:00.000000', 15, 24);
INSERT INTO `comment` (`id`, `content`, `created_at`, `updated_at`, `author_id`, `post_id`) VALUES (110, 'Quia enim harum earum est quis. Quaerat vitae consequatur ut ducimus praesentium. Aut ipsum voluptatem dignissimos molestiae excepturi aspernatur consequuntur.', '2002-10-24 00:00:00.000000', '1978-06-09 00:00:00.000000', 16, 48);
INSERT INTO `comment` (`id`, `content`, `created_at`, `updated_at`, `author_id`, `post_id`) VALUES (111, 'Ut veniam consectetur atque at minus eos. Quia aut repellat fugit. Nobis deserunt perferendis et nobis ut architecto. Ut sit totam qui in ut dolorum vitae id.', '2007-07-01 00:00:00.000000', '2019-09-12 00:00:00.000000', 19, 95);
INSERT INTO `comment` (`id`, `content`, `created_at`, `updated_at`, `author_id`, `post_id`) VALUES (112, 'Ex qui est placeat consequatur. Tempora fuga voluptas dolor delectus. Consequuntur sunt ipsam consequatur animi.', '2000-10-12 00:00:00.000000', '1998-03-23 00:00:00.000000', 1, 11);
INSERT INTO `comment` (`id`, `content`, `created_at`, `updated_at`, `author_id`, `post_id`) VALUES (113, 'Autem vitae recusandae rerum voluptates nisi voluptas sed. Non velit dicta eveniet aliquam. Autem quia dolor cumque consequatur minus in.', '1989-08-24 00:00:00.000000', '1975-03-13 00:00:00.000000', 3, 31);
INSERT INTO `comment` (`id`, `content`, `created_at`, `updated_at`, `author_id`, `post_id`) VALUES (114, 'Veniam ipsam accusamus quas iusto voluptates neque. Tempora consectetur culpa aut rerum. Ipsam qui et nam quia nihil voluptas aut. Aut mollitia a delectus nulla est officia debitis.', '1983-06-04 00:00:00.000000', '2016-09-02 00:00:00.000000', 20, 67);
INSERT INTO `comment` (`id`, `content`, `created_at`, `updated_at`, `author_id`, `post_id`) VALUES (115, 'Dolores quas dolor et excepturi. Eaque quidem sit fuga tempora autem eum enim. Voluptas consequuntur animi dolore optio. Numquam sed architecto iste consequatur dolores nobis delectus.', '2021-01-17 00:00:00.000000', '1987-11-27 00:00:00.000000', 6, 53);
INSERT INTO `comment` (`id`, `content`, `created_at`, `updated_at`, `author_id`, `post_id`) VALUES (116, 'Ducimus et quae omnis delectus atque corrupti veniam. Et animi perspiciatis in quia nihil at. Aspernatur unde voluptatem rem excepturi.', '1992-07-24 00:00:00.000000', '2021-05-16 00:00:00.000000', 16, 69);
INSERT INTO `comment` (`id`, `content`, `created_at`, `updated_at`, `author_id`, `post_id`) VALUES (117, 'Ut quasi praesentium quae aperiam et quibusdam. Facere ad voluptatem est id magni id ut. Facere assumenda voluptates maxime et ullam. Amet quia sint error qui inventore autem.', '2006-11-30 00:00:00.000000', '2023-09-22 00:00:00.000000', 9, 82);
INSERT INTO `comment` (`id`, `content`, `created_at`, `updated_at`, `author_id`, `post_id`) VALUES (118, 'Aperiam fugiat aut veritatis itaque dolor. Aut autem sint molestiae qui hic modi provident. Aut eum sed laborum blanditiis.', '2011-11-18 00:00:00.000000', '1983-06-10 00:00:00.000000', 6, 84);
INSERT INTO `comment` (`id`, `content`, `created_at`, `updated_at`, `author_id`, `post_id`) VALUES (119, 'Vitae laudantium quia ipsa sed. Iure minima porro aliquid nihil iure. Et ad omnis quae est maiores sapiente.', '1981-11-16 00:00:00.000000', '2016-07-31 00:00:00.000000', 8, 74);
INSERT INTO `comment` (`id`, `content`, `created_at`, `updated_at`, `author_id`, `post_id`) VALUES (120, 'Quaerat suscipit expedita non id. Repudiandae accusantium veritatis inventore natus id. Delectus fugit molestiae minima iusto.', '2002-05-03 00:00:00.000000', '1984-08-09 00:00:00.000000', 7, 37);
INSERT INTO `comment` (`id`, `content`, `created_at`, `updated_at`, `author_id`, `post_id`) VALUES (121, 'Aut necessitatibus sequi ipsam ratione natus voluptatem aliquid. Labore beatae est et expedita qui. Magni repudiandae alias aut magni id unde. Earum molestias aut at eos.', '1989-07-15 00:00:00.000000', '2022-12-14 00:00:00.000000', 3, 94);
INSERT INTO `comment` (`id`, `content`, `created_at`, `updated_at`, `author_id`, `post_id`) VALUES (122, 'Rem possimus sapiente rerum sit quisquam. Voluptatibus dolor magni sint in facere. Ad ea occaecati eius iure voluptate magni doloremque.', '2004-05-26 00:00:00.000000', '2017-11-04 00:00:00.000000', 11, 53);
INSERT INTO `comment` (`id`, `content`, `created_at`, `updated_at`, `author_id`, `post_id`) VALUES (123, 'Sunt expedita esse labore eos nobis quibusdam. Odit voluptas sit quia et sapiente. Laboriosam mollitia et et eveniet quaerat iure aperiam. Sed dolore ut dolores distinctio dolorem.', '1983-11-07 00:00:00.000000', '1989-10-16 00:00:00.000000', 2, 33);
INSERT INTO `comment` (`id`, `content`, `created_at`, `updated_at`, `author_id`, `post_id`) VALUES (124, 'Dicta voluptatem laudantium numquam nostrum. Porro sit facere aut eligendi magni. Qui a est quas maiores quia dicta rerum.', '2023-04-14 00:00:00.000000', '1998-07-07 00:00:00.000000', 20, 59);
INSERT INTO `comment` (`id`, `content`, `created_at`, `updated_at`, `author_id`, `post_id`) VALUES (125, 'Aut recusandae similique optio numquam. Adipisci cumque eligendi voluptatibus rerum. Suscipit unde dolorem veritatis consectetur consequatur. Explicabo qui quibusdam est.', '2021-03-09 00:00:00.000000', '2016-05-30 00:00:00.000000', 2, 84);
INSERT INTO `comment` (`id`, `content`, `created_at`, `updated_at`, `author_id`, `post_id`) VALUES (126, 'Harum dicta alias perferendis consequatur doloremque. Ut omnis tempora iure dignissimos. Repellat et eaque qui aliquid asperiores veritatis. Iusto error molestias officia nam repellendus debitis.', '1995-05-27 00:00:00.000000', '2021-04-25 00:00:00.000000', 14, 6);
INSERT INTO `comment` (`id`, `content`, `created_at`, `updated_at`, `author_id`, `post_id`) VALUES (127, 'Sit aspernatur ipsa molestiae quos consequuntur non eum iure. Et facilis consequatur qui unde. Voluptatem ipsa est adipisci qui corrupti. Nam magnam magni sed.', '2018-05-05 00:00:00.000000', '2014-08-04 00:00:00.000000', 11, 94);
INSERT INTO `comment` (`id`, `content`, `created_at`, `updated_at`, `author_id`, `post_id`) VALUES (128, 'Deserunt earum ut molestiae ex praesentium. Dolore officiis officia vel nemo magnam non tempora. Nulla autem tempore at ut. Dolor expedita sint qui consequuntur consequuntur voluptate saepe.', '2024-02-03 00:00:00.000000', '2024-04-27 00:00:00.000000', 18, 59);
INSERT INTO `comment` (`id`, `content`, `created_at`, `updated_at`, `author_id`, `post_id`) VALUES (129, 'Cum assumenda est totam ipsam quas commodi minus enim. Temporibus et commodi atque dolores maiores. Ut aliquam dolore dolores.', '1980-12-23 00:00:00.000000', '1998-10-22 00:00:00.000000', 10, 73);
INSERT INTO `comment` (`id`, `content`, `created_at`, `updated_at`, `author_id`, `post_id`) VALUES (130, 'Fugiat maiores eos blanditiis quasi delectus excepturi in. Error quae ratione qui magnam nemo soluta rerum. Quia aut tenetur eaque aut possimus.', '1993-10-15 00:00:00.000000', '1972-06-03 00:00:00.000000', 16, 51);
INSERT INTO `comment` (`id`, `content`, `created_at`, `updated_at`, `author_id`, `post_id`) VALUES (131, 'Non quia officiis beatae velit delectus. Eaque pariatur impedit iste ut aut.', '1983-01-16 00:00:00.000000', '2018-04-06 00:00:00.000000', 11, 30);
INSERT INTO `comment` (`id`, `content`, `created_at`, `updated_at`, `author_id`, `post_id`) VALUES (132, 'Quod velit sed sunt. Soluta dolorum nemo perferendis delectus nemo. Omnis et nobis sapiente maxime quibusdam quaerat cupiditate. Voluptatum ut maxime modi totam aut officiis architecto qui.', '2002-03-10 00:00:00.000000', '1979-04-18 00:00:00.000000', 8, 71);
INSERT INTO `comment` (`id`, `content`, `created_at`, `updated_at`, `author_id`, `post_id`) VALUES (133, 'Facere recusandae sed maxime iste est quasi. Hic dicta a illo consectetur. Iure sit labore rem repellendus voluptatum exercitationem.', '2016-09-12 00:00:00.000000', '2021-10-15 00:00:00.000000', 19, 21);
INSERT INTO `comment` (`id`, `content`, `created_at`, `updated_at`, `author_id`, `post_id`) VALUES (134, 'Ad blanditiis voluptatem ab. Odio ut temporibus saepe beatae. Animi voluptate id magnam quis. Dicta odio fugit et sunt qui ratione incidunt. Veritatis soluta officia ullam quia.', '1989-11-01 00:00:00.000000', '1972-06-15 00:00:00.000000', 11, 39);
INSERT INTO `comment` (`id`, `content`, `created_at`, `updated_at`, `author_id`, `post_id`) VALUES (135, 'Voluptatem itaque ea provident corporis quisquam. Veniam nostrum qui ullam.', '2024-06-02 00:00:00.000000', '1984-08-25 00:00:00.000000', 4, 34);
INSERT INTO `comment` (`id`, `content`, `created_at`, `updated_at`, `author_id`, `post_id`) VALUES (136, 'Consequatur minus id est quae. Cum illum porro quisquam voluptate unde earum quia quis.', '1994-09-02 00:00:00.000000', '1977-04-21 00:00:00.000000', 14, 8);
INSERT INTO `comment` (`id`, `content`, `created_at`, `updated_at`, `author_id`, `post_id`) VALUES (137, 'Doloribus nesciunt illo aut in placeat sint laboriosam ipsum. Non laborum deleniti quam beatae qui sit. Amet alias dolores ipsa ut quis voluptas.', '1984-08-21 00:00:00.000000', '2003-07-27 00:00:00.000000', 2, 90);
INSERT INTO `comment` (`id`, `content`, `created_at`, `updated_at`, `author_id`, `post_id`) VALUES (138, 'Voluptatem voluptatibus cum quis illo. Est dicta a ut maxime animi qui. Autem non ratione aut fugiat sed rerum unde iste.', '1985-03-19 00:00:00.000000', '2001-11-08 00:00:00.000000', 3, 79);
INSERT INTO `comment` (`id`, `content`, `created_at`, `updated_at`, `author_id`, `post_id`) VALUES (139, 'Aut quae quis non. Velit dolorem natus quia perferendis et. Voluptatem iure earum voluptatum aliquid et veniam.', '1987-02-13 00:00:00.000000', '2012-11-09 00:00:00.000000', 11, 20);
INSERT INTO `comment` (`id`, `content`, `created_at`, `updated_at`, `author_id`, `post_id`) VALUES (140, 'Laborum saepe libero nam explicabo sunt. Aliquam architecto quo vel. Molestias consequatur rerum nisi quo vero maiores. Occaecati omnis quia explicabo rerum eum voluptatum error.', '2010-12-19 00:00:00.000000', '2019-04-30 00:00:00.000000', 5, 16);
INSERT INTO `comment` (`id`, `content`, `created_at`, `updated_at`, `author_id`, `post_id`) VALUES (141, 'Ipsa sapiente quo expedita aperiam. Eum accusamus commodi rem suscipit dicta enim consectetur.', '1996-12-03 00:00:00.000000', '2003-10-12 00:00:00.000000', 12, 57);
INSERT INTO `comment` (`id`, `content`, `created_at`, `updated_at`, `author_id`, `post_id`) VALUES (142, 'Impedit excepturi quis cum mollitia dolorem ad earum. Cum est quidem vero dolore. Voluptatem ipsum ut asperiores dignissimos dicta accusantium occaecati.', '2020-09-04 00:00:00.000000', '2024-01-05 00:00:00.000000', 18, 23);
INSERT INTO `comment` (`id`, `content`, `created_at`, `updated_at`, `author_id`, `post_id`) VALUES (143, 'Nemo omnis expedita modi ut consequatur a eaque facilis. Quisquam et eum at est. Qui nobis dolore possimus exercitationem. Est ut natus nihil a fugit et esse.', '1989-07-30 00:00:00.000000', '1974-05-17 00:00:00.000000', 9, 14);
INSERT INTO `comment` (`id`, `content`, `created_at`, `updated_at`, `author_id`, `post_id`) VALUES (144, 'Eveniet ex et et maxime. Dicta quas reprehenderit exercitationem alias sequi officiis.', '1988-08-04 00:00:00.000000', '1984-08-13 00:00:00.000000', 2, 96);
INSERT INTO `comment` (`id`, `content`, `created_at`, `updated_at`, `author_id`, `post_id`) VALUES (145, 'Quaerat beatae consectetur et at. Non et nihil adipisci enim.', '1997-07-30 00:00:00.000000', '1970-12-25 00:00:00.000000', 10, 43);
INSERT INTO `comment` (`id`, `content`, `created_at`, `updated_at`, `author_id`, `post_id`) VALUES (146, 'Voluptatem nisi et officia saepe earum dolores. Soluta et minus laudantium est error sed. A dolorum excepturi omnis tempora quod ab aut quidem. Ipsum omnis eos architecto tempora quod ab.', '1981-07-31 00:00:00.000000', '2011-11-16 00:00:00.000000', 15, 41);
INSERT INTO `comment` (`id`, `content`, `created_at`, `updated_at`, `author_id`, `post_id`) VALUES (147, 'Similique aspernatur ipsam eos id repellendus aspernatur beatae. Autem qui iure et vel aspernatur mollitia. Debitis suscipit inventore aut aut labore.', '2021-04-12 00:00:00.000000', '1991-12-14 00:00:00.000000', 6, 4);
INSERT INTO `comment` (`id`, `content`, `created_at`, `updated_at`, `author_id`, `post_id`) VALUES (148, 'Facere quos voluptatem non voluptas. Pariatur libero vero quasi qui sed minus. Sunt labore adipisci nam quo molestiae. Sapiente explicabo possimus dolorum harum.', '1971-10-24 00:00:00.000000', '1973-04-29 00:00:00.000000', 10, 95);
INSERT INTO `comment` (`id`, `content`, `created_at`, `updated_at`, `author_id`, `post_id`) VALUES (149, 'Cum numquam quo numquam corrupti eveniet et cum. Occaecati quidem natus cum eos. Aut dicta aut voluptas aut. Eos iusto rerum voluptatem ut voluptas.', '1983-01-18 00:00:00.000000', '2004-06-09 00:00:00.000000', 7, 1);
INSERT INTO `comment` (`id`, `content`, `created_at`, `updated_at`, `author_id`, `post_id`) VALUES (150, 'Qui totam sed nemo et. Expedita sunt nemo nostrum officia maiores eos voluptatem. Ex qui sequi omnis doloribus.', '1978-11-15 00:00:00.000000', '1970-11-01 00:00:00.000000', 6, 67);
INSERT INTO `comment` (`id`, `content`, `created_at`, `updated_at`, `author_id`, `post_id`) VALUES (151, 'Nisi nihil libero ipsa veritatis. Iure iusto provident consectetur ducimus sint dolor enim a. Delectus repudiandae quos sint quasi error cumque. Autem eum eveniet quia qui.', '1983-12-12 00:00:00.000000', '2005-03-19 00:00:00.000000', 10, 15);
INSERT INTO `comment` (`id`, `content`, `created_at`, `updated_at`, `author_id`, `post_id`) VALUES (152, 'Sed nulla tenetur aut debitis qui aut. Dolores sed tenetur laboriosam mollitia tempore consequatur temporibus. Et sint omnis temporibus quod enim. Dolore est aut ea sed.', '2021-10-29 00:00:00.000000', '2009-04-05 00:00:00.000000', 19, 13);
INSERT INTO `comment` (`id`, `content`, `created_at`, `updated_at`, `author_id`, `post_id`) VALUES (153, 'Possimus sunt ut occaecati eligendi debitis. Labore sed a mollitia neque omnis. Ex ea eos molestiae quia.', '2014-07-14 00:00:00.000000', '1997-12-14 00:00:00.000000', 1, 63);
INSERT INTO `comment` (`id`, `content`, `created_at`, `updated_at`, `author_id`, `post_id`) VALUES (154, 'Id eligendi temporibus quasi. Eligendi pariatur sequi unde ea. Et eum consequuntur vel ea vel dolores. Eius rem tempore fugiat officiis in velit.', '1994-04-13 00:00:00.000000', '1998-05-08 00:00:00.000000', 5, 5);
INSERT INTO `comment` (`id`, `content`, `created_at`, `updated_at`, `author_id`, `post_id`) VALUES (155, 'Et inventore voluptas pariatur voluptas voluptates commodi. Veniam aut dignissimos nihil qui. Laudantium rerum et laudantium dolor vero. Est eaque ipsam soluta.', '2005-11-06 00:00:00.000000', '1997-07-05 00:00:00.000000', 18, 51);
INSERT INTO `comment` (`id`, `content`, `created_at`, `updated_at`, `author_id`, `post_id`) VALUES (156, 'Autem nisi hic tempora. Facilis eaque est hic voluptas sunt. Voluptatem excepturi dolore alias dolor et voluptatem architecto. Vitae cum est voluptatem dolorem eius.', '1985-08-25 00:00:00.000000', '1986-04-15 00:00:00.000000', 2, 31);
INSERT INTO `comment` (`id`, `content`, `created_at`, `updated_at`, `author_id`, `post_id`) VALUES (157, 'Cumque molestias enim a reiciendis. Eligendi quod consequatur omnis ipsam ipsa soluta ea. Placeat impedit laboriosam in expedita veniam eos explicabo.', '2022-10-28 00:00:00.000000', '1993-02-06 00:00:00.000000', 1, 5);
INSERT INTO `comment` (`id`, `content`, `created_at`, `updated_at`, `author_id`, `post_id`) VALUES (158, 'Voluptatum qui debitis et. Accusamus blanditiis laborum repellat et iste voluptas ratione nostrum. Earum soluta corporis est aut quo voluptas. Autem veniam nobis qui est.', '2003-09-07 00:00:00.000000', '2010-02-22 00:00:00.000000', 15, 91);
INSERT INTO `comment` (`id`, `content`, `created_at`, `updated_at`, `author_id`, `post_id`) VALUES (159, 'Qui et dolorum similique nostrum facere. Ea culpa sit praesentium aut. Quis itaque iure impedit a rerum.', '2022-10-08 00:00:00.000000', '2008-04-28 00:00:00.000000', 2, 24);
INSERT INTO `comment` (`id`, `content`, `created_at`, `updated_at`, `author_id`, `post_id`) VALUES (160, 'Maxime temporibus consequatur quo et totam qui nesciunt. Quo ullam porro rerum debitis fugit provident modi et. Quis voluptas ipsum enim dignissimos et molestiae optio.', '1978-04-29 00:00:00.000000', '2022-01-31 00:00:00.000000', 15, 27);
INSERT INTO `comment` (`id`, `content`, `created_at`, `updated_at`, `author_id`, `post_id`) VALUES (161, 'Recusandae itaque ratione sequi consequatur amet. Repellendus tenetur ipsum aut et tempora. Maxime sit quo omnis aliquid.', '2019-02-17 00:00:00.000000', '1976-03-03 00:00:00.000000', 18, 12);
INSERT INTO `comment` (`id`, `content`, `created_at`, `updated_at`, `author_id`, `post_id`) VALUES (162, 'Harum quos et non voluptatem a. Sed sed reiciendis porro ea excepturi sed. Quaerat tempore quia ea magnam sint sit modi. Autem ad maxime omnis voluptas beatae recusandae doloribus.', '2001-12-06 00:00:00.000000', '1980-06-13 00:00:00.000000', 11, 11);
INSERT INTO `comment` (`id`, `content`, `created_at`, `updated_at`, `author_id`, `post_id`) VALUES (163, 'Beatae sed pariatur ratione eos quia placeat. Corrupti eaque iure qui ad quis illum ullam eos. Aperiam dolor beatae fugit qui. Nemo est ratione optio eos consectetur.', '1970-01-24 00:00:00.000000', '1990-01-11 00:00:00.000000', 20, 78);
INSERT INTO `comment` (`id`, `content`, `created_at`, `updated_at`, `author_id`, `post_id`) VALUES (164, 'Non quo earum velit saepe. Qui provident consectetur hic officiis aliquid quis aut. Voluptas est incidunt consequatur ex cupiditate voluptatem.', '1984-10-13 00:00:00.000000', '2018-06-16 00:00:00.000000', 9, 20);
INSERT INTO `comment` (`id`, `content`, `created_at`, `updated_at`, `author_id`, `post_id`) VALUES (165, 'Earum sed numquam consectetur amet. Molestiae laborum aut et sapiente. Laborum laudantium ut temporibus maxime quae ex consequatur. Dolores vel nam aspernatur ut nesciunt officia maiores adipisci.', '1976-06-28 00:00:00.000000', '2021-04-25 00:00:00.000000', 13, 50);
INSERT INTO `comment` (`id`, `content`, `created_at`, `updated_at`, `author_id`, `post_id`) VALUES (166, 'Ratione provident eius non soluta. Maiores qui pariatur laboriosam maxime. Facilis ipsa autem rerum repellendus enim tenetur.', '1982-12-27 00:00:00.000000', '2018-07-11 00:00:00.000000', 10, 59);
INSERT INTO `comment` (`id`, `content`, `created_at`, `updated_at`, `author_id`, `post_id`) VALUES (167, 'Ut doloremque illum error voluptas sapiente aliquid. Excepturi modi incidunt ea consequuntur est quidem aut. Harum dignissimos vero est consequatur repellat voluptas.', '2013-12-08 00:00:00.000000', '1970-03-11 00:00:00.000000', 19, 13);
INSERT INTO `comment` (`id`, `content`, `created_at`, `updated_at`, `author_id`, `post_id`) VALUES (168, 'Deserunt molestias qui rerum expedita eum eius provident. Porro sit dolorem in et et deserunt. Incidunt quo magnam unde.', '1994-02-02 00:00:00.000000', '2001-11-13 00:00:00.000000', 5, 98);
INSERT INTO `comment` (`id`, `content`, `created_at`, `updated_at`, `author_id`, `post_id`) VALUES (169, 'Animi qui id porro et. Deleniti incidunt cumque fugit quis eos placeat. Sunt dolorem accusamus sed fugiat autem est sit. Consequatur ratione deleniti in quod nesciunt.', '2001-04-26 00:00:00.000000', '2005-11-30 00:00:00.000000', 10, 100);
INSERT INTO `comment` (`id`, `content`, `created_at`, `updated_at`, `author_id`, `post_id`) VALUES (170, 'Pariatur voluptatem eligendi quis amet velit. Sunt molestias repudiandae facilis ea. Excepturi sequi ab deleniti qui sed est autem velit. Dignissimos quam quia vel sint quo.', '2024-05-02 00:00:00.000000', '2013-11-08 00:00:00.000000', 7, 27);
INSERT INTO `comment` (`id`, `content`, `created_at`, `updated_at`, `author_id`, `post_id`) VALUES (171, 'Saepe enim non distinctio et nam. Quae consequatur ad tempore eius vel. Corporis repellendus qui et aut ad illo et.', '2021-10-09 00:00:00.000000', '1985-02-02 00:00:00.000000', 14, 96);
INSERT INTO `comment` (`id`, `content`, `created_at`, `updated_at`, `author_id`, `post_id`) VALUES (172, 'Ipsam eaque inventore sit accusantium ut rerum. Eos totam sunt porro neque assumenda cupiditate facere. Laudantium quidem rerum sit excepturi.', '1975-03-21 00:00:00.000000', '1986-11-15 00:00:00.000000', 12, 88);
INSERT INTO `comment` (`id`, `content`, `created_at`, `updated_at`, `author_id`, `post_id`) VALUES (173, 'Magni exercitationem et labore dolore non. Quaerat ut perspiciatis natus. Iste consequatur omnis unde veniam ea esse.', '1973-02-05 00:00:00.000000', '2018-12-29 00:00:00.000000', 17, 81);
INSERT INTO `comment` (`id`, `content`, `created_at`, `updated_at`, `author_id`, `post_id`) VALUES (174, 'Iure distinctio dolorum vitae. Velit neque vel quis occaecati aut.\nSint repudiandae eos voluptates sunt. Ut error et dolorem vel illo et. Et quisquam quasi blanditiis consequuntur.', '2002-06-04 00:00:00.000000', '2002-11-11 00:00:00.000000', 15, 20);
INSERT INTO `comment` (`id`, `content`, `created_at`, `updated_at`, `author_id`, `post_id`) VALUES (175, 'Nihil qui rerum voluptate illum molestias. Dolore unde quaerat aspernatur voluptatem maiores sit. Qui praesentium maxime vero facere aut odio. Blanditiis ducimus ipsa iste saepe a sunt.', '2011-05-26 00:00:00.000000', '1983-07-13 00:00:00.000000', 4, 50);
INSERT INTO `comment` (`id`, `content`, `created_at`, `updated_at`, `author_id`, `post_id`) VALUES (176, 'Velit beatae non non corrupti officiis sapiente exercitationem. Ut libero maiores expedita qui quam temporibus fuga. Dignissimos perferendis incidunt earum est fuga fugiat.', '2017-09-26 00:00:00.000000', '1977-10-02 00:00:00.000000', 15, 4);
INSERT INTO `comment` (`id`, `content`, `created_at`, `updated_at`, `author_id`, `post_id`) VALUES (177, 'Est laboriosam est ea quibusdam ullam quae delectus ut. Corporis minus quo amet qui omnis ut. Tempore est sit ducimus porro alias laborum totam.', '2018-11-13 00:00:00.000000', '2008-06-06 00:00:00.000000', 8, 98);
INSERT INTO `comment` (`id`, `content`, `created_at`, `updated_at`, `author_id`, `post_id`) VALUES (178, 'Et sed consequatur magni reprehenderit aliquid libero enim. Minus ut sunt odio rerum. Voluptatem enim rerum id sint accusamus aut assumenda.', '1971-10-26 00:00:00.000000', '1972-01-03 00:00:00.000000', 4, 86);
INSERT INTO `comment` (`id`, `content`, `created_at`, `updated_at`, `author_id`, `post_id`) VALUES (179, 'Deserunt sit vel ut iure voluptatibus et omnis. Quae atque suscipit voluptatibus aut quia earum. Eum vel perspiciatis impedit fuga repellendus dolores minima.', '1977-04-23 00:00:00.000000', '2002-05-14 00:00:00.000000', 15, 96);
INSERT INTO `comment` (`id`, `content`, `created_at`, `updated_at`, `author_id`, `post_id`) VALUES (180, 'Voluptas laudantium aliquam laborum earum totam. Dolorem ratione ducimus deleniti iusto. Enim repellat possimus unde qui pariatur rem consequatur blanditiis.', '2012-10-04 00:00:00.000000', '2010-04-03 00:00:00.000000', 9, 95);
INSERT INTO `comment` (`id`, `content`, `created_at`, `updated_at`, `author_id`, `post_id`) VALUES (181, 'Reprehenderit sed similique illo quaerat et quo. Sunt facere aut in est harum hic. Quis ut eum enim et. Et officia voluptatum esse amet sit qui.', '2015-06-28 00:00:00.000000', '1986-01-08 00:00:00.000000', 9, 33);
INSERT INTO `comment` (`id`, `content`, `created_at`, `updated_at`, `author_id`, `post_id`) VALUES (182, 'Dolores harum omnis voluptatum earum rerum. Facilis modi aperiam ut delectus magnam. Sunt unde excepturi sapiente sequi et et. Officia commodi ipsam cum.', '2011-02-03 00:00:00.000000', '2007-10-03 00:00:00.000000', 4, 35);
INSERT INTO `comment` (`id`, `content`, `created_at`, `updated_at`, `author_id`, `post_id`) VALUES (183, 'Ea quo quia est dolorum ut. Praesentium dignissimos qui voluptatem vero. Ipsum eos ducimus dolor tenetur consequatur ullam. Omnis asperiores provident quia omnis.', '1986-05-04 00:00:00.000000', '1997-11-30 00:00:00.000000', 1, 3);
INSERT INTO `comment` (`id`, `content`, `created_at`, `updated_at`, `author_id`, `post_id`) VALUES (184, 'Sit perferendis ab dolorem provident et pariatur. Sapiente consequatur velit quo cum sit. Laudantium temporibus rerum quis dolore cupiditate dolor excepturi.', '1982-03-29 00:00:00.000000', '2002-07-02 00:00:00.000000', 17, 14);
INSERT INTO `comment` (`id`, `content`, `created_at`, `updated_at`, `author_id`, `post_id`) VALUES (185, 'Ea qui qui consequuntur omnis non vel fuga. Autem voluptatem facere inventore consequatur. Illum doloribus praesentium sint ut est rem magni. Autem veniam dolores id doloremque non.', '1999-07-10 00:00:00.000000', '2004-10-11 00:00:00.000000', 16, 43);
INSERT INTO `comment` (`id`, `content`, `created_at`, `updated_at`, `author_id`, `post_id`) VALUES (186, 'Sed temporibus fugit ut distinctio voluptates. Enim perspiciatis debitis quia officiis qui eos. Molestiae est minima cum aut voluptatibus dicta recusandae modi.', '1992-11-08 00:00:00.000000', '1986-04-12 00:00:00.000000', 14, 100);
INSERT INTO `comment` (`id`, `content`, `created_at`, `updated_at`, `author_id`, `post_id`) VALUES (187, 'Cumque debitis maxime labore eos porro. Labore fugit dolorum tenetur rem facilis et ut. Consequatur qui sit ut et rerum occaecati.', '1976-04-25 00:00:00.000000', '2015-05-30 00:00:00.000000', 11, 63);
INSERT INTO `comment` (`id`, `content`, `created_at`, `updated_at`, `author_id`, `post_id`) VALUES (188, 'Eaque porro ea ea asperiores voluptate quia temporibus. Facere a blanditiis numquam non pariatur.', '1976-12-20 00:00:00.000000', '1986-12-12 00:00:00.000000', 3, 66);
INSERT INTO `comment` (`id`, `content`, `created_at`, `updated_at`, `author_id`, `post_id`) VALUES (189, 'Ullam quia aperiam ea aut expedita atque illum. Exercitationem rerum sed nisi voluptate. Et est explicabo modi voluptatem fugiat hic.', '1985-05-29 00:00:00.000000', '1984-05-19 00:00:00.000000', 1, 42);
INSERT INTO `comment` (`id`, `content`, `created_at`, `updated_at`, `author_id`, `post_id`) VALUES (190, 'Aliquam est dicta aliquid quae corporis. Dignissimos nisi sapiente repudiandae mollitia corrupti ea in delectus. Tenetur doloremque ut facere voluptatem eum ex qui.', '1997-04-18 00:00:00.000000', '2020-05-16 00:00:00.000000', 5, 44);
INSERT INTO `comment` (`id`, `content`, `created_at`, `updated_at`, `author_id`, `post_id`) VALUES (191, 'Aut veniam aut qui maiores. Laboriosam saepe saepe magnam incidunt et recusandae. Ut tempora doloribus atque et voluptas qui.', '1981-08-09 00:00:00.000000', '2014-01-27 00:00:00.000000', 14, 89);
INSERT INTO `comment` (`id`, `content`, `created_at`, `updated_at`, `author_id`, `post_id`) VALUES (192, 'Reprehenderit incidunt consequatur expedita quaerat laudantium necessitatibus. Atque quod quae error qui fuga sunt similique. Et quia qui inventore veniam rerum a a.', '1986-02-22 00:00:00.000000', '1973-01-24 00:00:00.000000', 6, 47);
INSERT INTO `comment` (`id`, `content`, `created_at`, `updated_at`, `author_id`, `post_id`) VALUES (193, 'Ut fugit autem velit adipisci ut dolores. Et expedita est quas qui. Facere repellat doloremque ducimus blanditiis. Quo eum molestiae repellat aperiam sunt ab.', '1990-06-22 00:00:00.000000', '1985-10-02 00:00:00.000000', 1, 13);
INSERT INTO `comment` (`id`, `content`, `created_at`, `updated_at`, `author_id`, `post_id`) VALUES (194, 'Est sed rerum ab velit soluta. Molestias praesentium eligendi sapiente ut rerum earum. Sit magnam quidem et nisi aut a.', '2016-01-12 00:00:00.000000', '2019-03-16 00:00:00.000000', 9, 36);
INSERT INTO `comment` (`id`, `content`, `created_at`, `updated_at`, `author_id`, `post_id`) VALUES (195, 'Quas ipsam est facere. Fugiat voluptatem maxime quo dolor et. Ad eos amet nihil.', '2022-08-08 00:00:00.000000', '2001-01-22 00:00:00.000000', 13, 100);
INSERT INTO `comment` (`id`, `content`, `created_at`, `updated_at`, `author_id`, `post_id`) VALUES (196, 'Et est quibusdam doloremque cumque ab est quas. Tempore ipsam soluta quibusdam et et aut.', '1979-07-07 00:00:00.000000', '2002-04-04 00:00:00.000000', 3, 1);
INSERT INTO `comment` (`id`, `content`, `created_at`, `updated_at`, `author_id`, `post_id`) VALUES (197, 'Sint ut magnam voluptatibus deserunt tempore explicabo. Dolore omnis deleniti aperiam excepturi et ut. Quis non temporibus enim tempora facere.', '1976-02-08 00:00:00.000000', '2012-08-03 00:00:00.000000', 9, 34);
INSERT INTO `comment` (`id`, `content`, `created_at`, `updated_at`, `author_id`, `post_id`) VALUES (198, 'Sit consequatur asperiores rerum dolor non. Quis in id voluptas numquam. Laboriosam voluptatem qui ea adipisci. Harum dolorem odio ut ut sapiente.', '1970-09-04 00:00:00.000000', '1989-05-02 00:00:00.000000', 18, 58);
INSERT INTO `comment` (`id`, `content`, `created_at`, `updated_at`, `author_id`, `post_id`) VALUES (199, 'Nihil officia distinctio sit autem. In ducimus ipsum quae placeat. Omnis minus totam iste voluptatem minus. Quasi mollitia optio quia.', '1999-12-14 00:00:00.000000', '1977-08-07 00:00:00.000000', 10, 67);
INSERT INTO `comment` (`id`, `content`, `created_at`, `updated_at`, `author_id`, `post_id`) VALUES (200, 'Labore voluptatum nemo doloribus cum explicabo velit. Explicabo et quae placeat aut quisquam earum vel. Non soluta blanditiis voluptatibus distinctio et ducimus qui provident.', '2004-05-25 00:00:00.000000', '1983-09-15 00:00:00.000000', 20, 14);
